feature,count_ones
cpi_9606.ENSP00000337915,241
cpi_9606.ENSP00000311032,196
cpi_9606.ENSP00000367959,155
cpi_9606.ENSP00000297494,135
cpi_9606.ENSP00000353820,132
cpi_9606.ENSP00000215832,130
cpi_9606.ENSP00000263025,129
cpi_9606.ENSP00000283916,128
cpi_9606.ENSP00000398698,124
cpi_9606.ENSP00000265724,123
cpi_9606.ENSP00000222982,118
cpi_9606.ENSP00000361125,117
cpi_9606.ENSP00000260682,115
cpi_9606.ENSP00000270202,115
cpi_9606.ENSP00000272190,114
cpi_9606.ENSP00000263817,110
cpi_9606.ENSP00000342007,109
cpi_9606.ENSP00000258743,109
cpi_9606.ENSP00000337450,109
cpi_9606.ENSP00000360372,103
cpi_9606.ENSP00000280155,103
cpi_9606.ENSP00000327251,102
cpi_9606.ENSP00000306512,102
cpi_9606.ENSP00000269305,102
cpi_9606.ENSP00000356438,101
cpi_9606.ENSP00000316244,100
cpi_9606.ENSP00000387281,97
cpi_9606.ENSP00000369960,96
cpi_9606.ENSP00000337459,95
cpi_9606.ENSP00000354859,95
cpi_9606.ENSP00000386069,95
cpi_9606.ENSP00000262186,91
cpi_9606.ENSP00000276198,89
cpi_9606.ENSP00000270349,88
cpi_9606.ENSP00000336528,88
cpi_9606.ENSP00000295897,87
cpi_9606.ENSP00000337949,87
cpi_9606.ENSP00000306245,86
cpi_9606.ENSP00000380247,84
cpi_9606.ENSP00000231509,84
cpi_9606.ENSP00000360317,82
cpi_9606.ENSP00000368766,82
cpi_9606.ENSP00000330237,81
cpi_9606.ENSP00000306490,81
cpi_9606.ENSP00000306662,80
cpi_9606.ENSP00000355759,79
cpi_9606.ENSP00000258400,78
cpi_9606.ENSP00000361405,77
cpi_9606.ENSP00000319984,77
cpi_9606.ENSP00000373169,76
cpi_9606.ENSP00000241052,76
cpi_9606.ENSP00000264708,75
cpi_9606.ENSP00000305372,75
cpi_9606.ENSP00000358301,72
cpi_9606.ENSP00000237612,72
cpi_9606.ENSP00000206249,70
cpi_9606.ENSP00000261707,70
cpi_9606.ENSP00000255380,70
cpi_9606.ENSP00000225831,69
cpi_9606.ENSP00000409378,69
cpi_9606.ENSP00000260433,69
cpi_9606.ENSP00000264381,68
cpi_9606.ENSP00000324648,68
cpi_9606.ENSP00000358963,68
cpi_9606.ENSP00000363822,68
cpi_9606.ENSP00000302150,67
cpi_9606.ENSP00000275493,67
cpi_9606.ENSP00000358327,67
cpi_9606.ENSP00000263341,66
cpi_9606.ENSP00000219070,65
cpi_9606.ENSP00000219833,65
cpi_9606.ENSP00000327652,65
cpi_9606.ENSP00000313661,65
cpi_9606.ENSP00000176183,65
cpi_9606.ENSP00000412237,64
cpi_9606.ENSP00000369050,63
cpi_9606.ENSP00000394624,63
cpi_9606.ENSP00000351273,62
cpi_9606.ENSP00000372750,60
cpi_9606.ENSP00000387662,59
cpi_9606.ENSP00000287820,59
cpi_9606.ENSP00000216117,59
cpi_9606.ENSP00000355627,58
cpi_9606.ENSP00000414303,58
cpi_9606.ENSP00000354612,56
cpi_9606.ENSP00000265572,56
cpi_9606.ENSP00000368683,55
cpi_9606.ENSP00000360266,55
cpi_9606.ENSP00000252945,55
cpi_9606.ENSP00000289753,52
cpi_9606.ENSP00000353483,52
cpi_9606.ENSP00000264832,52
cpi_9606.ENSP00000290866,51
cpi_9606.ENSP00000306129,50
cpi_9606.ENSP00000265023,49
cpi_9606.ENSP00000385834,49
cpi_9606.ENSP00000325120,49
cpi_9606.ENSP00000223095,49
cpi_9606.ENSP00000282091,48
cpi_9606.ENSP00000338345,48
cpi_9606.ENSP00000350941,47
cpi_9606.ENSP00000464149,47
cpi_9606.ENSP00000338018,47
cpi_9606.ENSP00000262735,46
cpi_9606.ENSP00000382342,46
cpi_9606.ENSP00000347754,46
cpi_9606.ENSP00000343782,45
cpi_9606.ENSP00000384273,45
cpi_9606.ENSP00000307766,45
cpi_9606.ENSP00000269571,45
cpi_9606.ENSP00000302665,45
cpi_9606.ENSP00000329623,45
cpi_9606.ENSP00000221930,44
cpi_9606.ENSP00000303211,44
cpi_9606.ENSP00000367207,44
cpi_9606.ENSP00000226730,44
cpi_9606.ENSP00000324806,44
cpi_9606.ENSP00000396308,44
cpi_9606.ENSP00000307786,43
cpi_9606.ENSP00000308541,43
cpi_9606.ENSP00000234961,43
cpi_9606.ENSP00000370571,43
cpi_9606.ENSP00000322924,43
cpi_9606.ENSP00000284981,43
cpi_9606.ENSP00000304845,42
cpi_9606.ENSP00000229794,42
cpi_9606.ENSP00000225275,42
cpi_9606.ENSP00000264657,42
cpi_9606.ENSP00000312652,41
cpi_9606.ENSP00000272298,41
cpi_9606.ENSP00000369647,41
cpi_9606.ENSP00000297469,41
cpi_9606.ENSP00000381607,40
cpi_9606.ENSP00000363512,40
cpi_9606.ENSP00000411532,40
cpi_9606.ENSP00000359478,40
cpi_9606.ENSP00000266970,40
cpi_9606.ENSP00000322788,40
cpi_9606.ENSP00000287641,39
cpi_9606.ENSP00000267163,39
cpi_9606.ENSP00000366506,39
cpi_9606.ENSP00000023897,39
cpi_9606.ENSP00000255030,39
cpi_9606.ENSP00000350616,38
cpi_9606.ENSP00000386884,38
cpi_9606.ENSP00000356022,38
cpi_9606.ENSP00000231449,38
cpi_9606.ENSP00000285379,38
cpi_9606.ENSP00000358511,38
cpi_9606.ENSP00000227507,38
cpi_9606.ENSP00000301141,38
cpi_9606.ENSP00000231751,38
cpi_9606.ENSP00000256119,37
cpi_9606.ENSP00000369927,37
cpi_9606.ENSP00000349467,37
cpi_9606.ENSP00000361021,37
cpi_9606.ENSP00000343925,36
cpi_9606.ENSP00000242152,36
cpi_9606.ENSP00000346839,36
cpi_9606.ENSP00000003084,36
cpi_9606.ENSP00000011653,35
cpi_9606.ENSP00000328968,35
cpi_9606.ENSP00000367869,35
cpi_9606.ENSP00000315644,35
cpi_9606.ENSP00000293272,35
cpi_9606.ENSP00000220809,35
cpi_9606.ENSP00000216797,34
cpi_9606.ENSP00000387230,34
cpi_9606.ENSP00000354558,34
cpi_9606.ENSP00000356825,34
cpi_9606.ENSP00000287907,34
cpi_9606.ENSP00000418532,34
cpi_9606.ENSP00000396704,34
cpi_9606.ENSP00000380252,33
cpi_9606.ENSP00000256906,33
cpi_9606.ENSP00000334448,33
cpi_9606.ENSP00000260630,33
cpi_9606.ENSP00000257497,33
cpi_9606.ENSP00000229135,33
cpi_9606.ENSP00000358022,33
cpi_9606.ENSP00000344456,32
cpi_9606.ENSP00000304811,32
cpi_9606.ENSP00000346768,32
cpi_9606.ENSP00000354511,32
cpi_9606.ENSP00000273430,32
cpi_9606.ENSP00000366084,32
cpi_9606.ENSP00000270142,32
cpi_9606.ENSP00000220764,32
cpi_9606.ENSP00000358903,31
cpi_9606.ENSP00000358730,31
cpi_9606.ENSP00000305651,31
cpi_9606.ENSP00000379140,31
cpi_9606.ENSP00000356958,31
cpi_9606.ENSP00000420194,31
cpi_9606.ENSP00000263923,31
cpi_9606.ENSP00000216629,30
cpi_9606.ENSP00000217305,30
cpi_9606.ENSP00000375881,30
cpi_9606.ENSP00000332679,30
cpi_9606.ENSP00000393333,30
cpi_9606.ENSP00000340684,30
cpi_9606.ENSP00000353720,30
cpi_9606.ENSP00000221130,30
cpi_9606.ENSP00000225577,30
cpi_9606.ENSP00000343838,29
cpi_9606.ENSP00000303174,29
cpi_9606.ENSP00000244741,29
cpi_9606.ENSP00000321106,29
cpi_9606.ENSP00000302961,29
cpi_9606.ENSP00000342952,29
cpi_9606.ENSP00000292303,29
cpi_9606.ENSP00000217386,29
cpi_9606.ENSP00000370129,29
cpi_9606.ENSP00000342560,29
cpi_9606.ENSP00000363089,29
cpi_9606.ENSP00000264498,29
cpi_9606.ENSP00000360973,29
cpi_9606.ENSP00000276571,29
cpi_9606.ENSP00000419361,29
cpi_9606.ENSP00000308549,29
cpi_9606.ENSP00000362549,28
cpi_9606.ENSP00000261769,28
cpi_9606.ENSP00000367102,28
cpi_9606.ENSP00000234111,28
cpi_9606.ENSP00000302564,28
cpi_9606.ENSP00000263686,28
cpi_9606.ENSP00000222381,28
cpi_9606.ENSP00000361666,28
cpi_9606.ENSP00000245907,28
cpi_9606.ENSP00000285979,28
cpi_9606.ENSP00000352516,28
cpi_9606.ENSP00000324270,27
cpi_9606.ENSP00000315011,27
cpi_9606.ENSP00000309845,27
cpi_9606.ENSP00000367309,27
cpi_9606.ENSP00000297323,27
cpi_9606.ENSP00000267377,27
cpi_9606.ENSP00000331514,27
cpi_9606.ENSP00000294016,27
cpi_9606.ENSP00000341390,27
cpi_9606.ENSP00000419970,27
cpi_9606.ENSP00000309757,27
cpi_9606.ENSP00000334145,27
cpi_9606.ENSP00000251849,27
cpi_9606.ENSP00000355930,26
cpi_9606.ENSP00000317842,26
cpi_9606.ENSP00000286355,26
cpi_9606.ENSP00000363965,26
cpi_9606.ENSP00000302486,26
cpi_9606.ENSP00000307259,26
cpi_9606.ENSP00000370254,26
cpi_9606.ENSP00000311405,26
cpi_9606.ENSP00000287936,26
cpi_9606.ENSP00000260600,26
cpi_9606.ENSP00000260970,26
cpi_9606.ENSP00000361423,26
cpi_9606.ENSP00000362525,26
cpi_9606.ENSP00000314151,26
cpi_9606.ENSP00000312126,26
cpi_9606.ENSP00000296350,26
cpi_9606.ENSP00000349003,26
cpi_9606.ENSP00000340191,26
cpi_9606.ENSP00000390600,26
cpi_9606.ENSP00000233242,26
cpi_9606.ENSP00000252519,26
cpi_9606.ENSP00000254235,26
cpi_9606.ENSP00000335657,26
cpi_9606.ENSP00000320709,26
cpi_9606.ENSP00000256078,26
cpi_9606.ENSP00000324248,26
cpi_9606.ENSP00000379110,25
cpi_9606.ENSP00000366416,25
cpi_9606.ENSP00000331358,25
cpi_9606.ENSP00000350198,25
cpi_9606.ENSP00000296545,25
cpi_9606.ENSP00000363596,25
cpi_9606.ENSP00000372088,25
cpi_9606.ENSP00000236850,25
cpi_9606.ENSP00000335153,25
cpi_9606.ENSP00000357255,25
cpi_9606.ENSP00000369816,25
cpi_9606.ENSP00000363868,25
cpi_9606.ENSP00000265643,25
cpi_9606.ENSP00000360608,25
cpi_9606.ENSP00000368438,25
cpi_9606.ENSP00000337335,25
cpi_9606.ENSP00000387699,25
cpi_9606.ENSP00000302111,25
cpi_9606.ENSP00000351755,25
cpi_9606.ENSP00000285238,25
cpi_9606.ENSP00000360247,25
cpi_9606.ENSP00000343027,25
cpi_9606.ENSP00000301146,25
cpi_9606.ENSP00000276414,25
cpi_9606.ENSP00000252321,25
cpi_9606.ENSP00000304767,24
cpi_9606.ENSP00000249016,24
cpi_9606.ENSP00000239938,24
cpi_9606.ENSP00000291294,24
cpi_9606.ENSP00000250971,24
cpi_9606.ENSP00000408695,24
cpi_9606.ENSP00000368727,24
cpi_9606.ENSP00000287766,24
cpi_9606.ENSP00000384665,24
cpi_9606.ENSP00000427279,24
cpi_9606.ENSP00000278616,24
cpi_9606.ENSP00000281806,24
cpi_9606.ENSP00000331746,24
cpi_9606.ENSP00000282397,24
cpi_9606.ENSP00000339191,24
cpi_9606.ENSP00000341189,24
cpi_9606.ENSP00000353915,24
cpi_9606.ENSP00000336630,24
cpi_9606.ENSP00000348897,24
cpi_9606.ENSP00000354280,24
cpi_9606.ENSP00000268035,24
cpi_9606.ENSP00000256958,24
cpi_9606.ENSP00000307713,24
cpi_9606.ENSP00000318820,24
cpi_9606.ENSP00000364310,24
cpi_9606.ENSP00000302811,24
cpi_9606.ENSP00000296026,23
cpi_9606.ENSP00000355920,23
cpi_9606.ENSP00000272644,23
cpi_9606.ENSP00000342070,23
cpi_9606.ENSP00000336764,23
cpi_9606.ENSP00000308032,23
cpi_9606.ENSP00000356430,23
cpi_9606.ENSP00000332225,23
cpi_9606.ENSP00000310928,23
cpi_9606.ENSP00000419692,23
cpi_9606.ENSP00000330138,23
cpi_9606.ENSP00000241261,23
cpi_9606.ENSP00000279593,23
cpi_9606.ENSP00000362508,23
cpi_9606.ENSP00000257068,23
cpi_9606.ENSP00000305877,23
cpi_9606.ENSP00000352702,23
cpi_9606.ENSP00000375893,23
cpi_9606.ENSP00000270474,23
cpi_9606.ENSP00000277010,23
cpi_9606.ENSP00000295453,23
cpi_9606.ENSP00000339260,23
cpi_9606.ENSP00000359643,23
cpi_9606.ENSP00000293897,23
cpi_9606.ENSP00000312999,23
cpi_9606.ENSP00000358867,23
cpi_9606.ENSP00000359334,23
cpi_9606.ENSP00000379213,23
cpi_9606.ENSP00000308720,23
cpi_9606.ENSP00000348918,23
cpi_9606.ENSP00000239223,23
cpi_9606.ENSP00000358099,23
cpi_9606.ENSP00000328973,23
cpi_9606.ENSP00000255262,23
cpi_9606.ENSP00000333194,23
cpi_9606.ENSP00000371067,23
cpi_9606.ENSP00000335592,23
cpi_9606.ENSP00000352835,22
cpi_9606.ENSP00000397181,22
cpi_9606.ENSP00000400175,22
cpi_9606.ENSP00000226413,22
cpi_9606.ENSP00000239849,22
cpi_9606.ENSP00000308938,22
cpi_9606.ENSP00000366061,22
cpi_9606.ENSP00000327875,22
cpi_9606.ENSP00000353198,22
cpi_9606.ENSP00000353731,22
cpi_9606.ENSP00000275300,22
cpi_9606.ENSP00000225740,22
cpi_9606.ENSP00000261267,22
cpi_9606.ENSP00000381339,22
cpi_9606.ENSP00000355155,22
cpi_9606.ENSP00000216714,22
cpi_9606.ENSP00000355316,22
cpi_9606.ENSP00000296140,22
cpi_9606.ENSP00000254488,22
cpi_9606.ENSP00000302707,22
cpi_9606.ENSP00000354652,22
cpi_9606.ENSP00000378699,22
cpi_9606.ENSP00000378492,22
cpi_9606.ENSP00000335620,22
cpi_9606.ENSP00000468991,22
cpi_9606.ENSP00000356429,22
cpi_9606.ENSP00000356213,22
cpi_9606.ENSP00000333534,22
cpi_9606.ENSP00000288022,22
cpi_9606.ENSP00000350348,22
cpi_9606.ENSP00000416293,22
cpi_9606.ENSP00000360968,22
cpi_9606.ENSP00000324173,22
cpi_9606.ENSP00000332812,22
cpi_9606.ENSP00000264218,22
cpi_9606.ENSP00000223642,22
cpi_9606.ENSP00000288135,22
cpi_9606.ENSP00000231188,21
cpi_9606.ENSP00000297785,21
cpi_9606.ENSP00000299267,21
cpi_9606.ENSP00000356694,21
cpi_9606.ENSP00000298171,21
cpi_9606.ENSP00000354107,21
cpi_9606.ENSP00000003100,21
cpi_9606.ENSP00000176195,21
cpi_9606.ENSP00000417281,21
cpi_9606.ENSP00000307235,21
cpi_9606.ENSP00000305416,21
cpi_9606.ENSP00000363092,21
cpi_9606.ENSP00000286648,21
cpi_9606.ENSP00000360991,21
cpi_9606.ENSP00000229239,21
cpi_9606.ENSP00000355523,21
cpi_9606.ENSP00000228872,21
cpi_9606.ENSP00000361850,21
cpi_9606.ENSP00000359285,21
cpi_9606.ENSP00000363296,21
cpi_9606.ENSP00000231454,21
cpi_9606.ENSP00000296028,21
cpi_9606.ENSP00000337825,21
cpi_9606.ENSP00000371236,21
cpi_9606.ENSP00000368880,21
cpi_9606.ENSP00000367608,21
cpi_9606.ENSP00000350256,21
cpi_9606.ENSP00000255008,21
cpi_9606.ENSP00000262290,21
cpi_9606.ENSP00000256010,21
cpi_9606.ENSP00000345774,21
cpi_9606.ENSP00000237014,21
cpi_9606.ENSP00000265164,21
cpi_9606.ENSP00000348461,21
cpi_9606.ENSP00000350928,21
cpi_9606.ENSP00000351671,21
cpi_9606.ENSP00000353791,21
cpi_9606.ENSP00000304414,20
cpi_9606.ENSP00000434516,20
cpi_9606.ENSP00000262623,20
cpi_9606.ENSP00000359663,20
cpi_9606.ENSP00000354901,20
cpi_9606.ENSP00000349960,20
cpi_9606.ENSP00000303522,20
cpi_9606.ENSP00000360141,20
cpi_9606.ENSP00000292301,20
cpi_9606.ENSP00000307900,20
cpi_9606.ENSP00000252723,20
cpi_9606.ENSP00000252486,20
cpi_9606.ENSP00000360967,20
cpi_9606.ENSP00000218548,20
cpi_9606.ENSP00000344173,20
cpi_9606.ENSP00000219700,20
cpi_9606.ENSP00000385806,20
cpi_9606.ENSP00000332659,20
cpi_9606.ENSP00000332591,20
cpi_9606.ENSP00000431418,20
cpi_9606.ENSP00000333685,20
cpi_9606.ENSP00000381105,20
cpi_9606.ENSP00000295598,20
cpi_9606.ENSP00000376776,20
cpi_9606.ENSP00000338072,20
cpi_9606.ENSP00000299855,20
cpi_9606.ENSP00000299727,20
cpi_9606.ENSP00000299178,20
cpi_9606.ENSP00000338185,20
cpi_9606.ENSP00000316786,20
cpi_9606.ENSP00000260302,20
cpi_9606.ENSP00000357301,20
cpi_9606.ENSP00000260402,20
cpi_9606.ENSP00000297313,20
cpi_9606.ENSP00000448219,20
cpi_9606.ENSP00000296871,20
cpi_9606.ENSP00000261405,20
cpi_9606.ENSP00000447173,20
cpi_9606.ENSP00000212015,20
cpi_9606.ENSP00000296522,20
cpi_9606.ENSP00000334246,20
cpi_9606.ENSP00000261799,20
cpi_9606.ENSP00000301645,20
cpi_9606.ENSP00000320935,20
cpi_9606.ENSP00000296027,20
cpi_9606.ENSP00000295683,20
cpi_9606.ENSP00000264382,20
cpi_9606.ENSP00000319591,20
cpi_9606.ENSP00000388648,20
cpi_9606.ENSP00000363832,20
cpi_9606.ENSP00000306138,20
cpi_9606.ENSP00000363641,20
cpi_9606.ENSP00000243167,20
cpi_9606.ENSP00000329684,20
cpi_9606.ENSP00000225992,20
cpi_9606.ENSP00000327801,20
cpi_9606.ENSP00000340820,20
cpi_9606.ENSP00000330284,20
cpi_9606.ENSP00000407375,20
cpi_9606.ENSP00000328472,20
cpi_9606.ENSP00000341045,20
cpi_9606.ENSP00000265171,20
cpi_9606.ENSP00000230671,20
cpi_9606.ENSP00000326159,20
cpi_9606.ENSP00000276431,20
cpi_9606.ENSP00000352839,20
cpi_9606.ENSP00000227378,20
cpi_9606.ENSP00000272928,20
cpi_9606.ENSP00000279230,20
cpi_9606.ENSP00000355536,19
cpi_9606.ENSP00000285930,19
cpi_9606.ENSP00000265723,19
cpi_9606.ENSP00000359211,19
cpi_9606.ENSP00000441600,19
cpi_9606.ENSP00000215659,19
cpi_9606.ENSP00000266682,19
cpi_9606.ENSP00000240619,19
cpi_9606.ENSP00000441949,19
cpi_9606.ENSP00000372023,19
cpi_9606.ENSP00000371932,19
cpi_9606.ENSP00000358783,19
cpi_9606.ENSP00000333994,19
cpi_9606.ENSP00000277120,19
cpi_9606.ENSP00000261693,19
cpi_9606.ENSP00000363431,19
cpi_9606.ENSP00000264426,19
cpi_9606.ENSP00000372326,19
cpi_9606.ENSP00000254066,19
cpi_9606.ENSP00000301908,19
cpi_9606.ENSP00000364801,19
cpi_9606.ENSP00000375093,19
cpi_9606.ENSP00000347046,19
cpi_9606.ENSP00000300900,19
cpi_9606.ENSP00000347197,19
cpi_9606.ENSP00000375086,19
cpi_9606.ENSP00000397026,19
cpi_9606.ENSP00000259607,19
cpi_9606.ENSP00000300060,19
cpi_9606.ENSP00000319635,19
cpi_9606.ENSP00000299766,19
cpi_9606.ENSP00000375066,19
cpi_9606.ENSP00000347942,19
cpi_9606.ENSP00000452780,19
cpi_9606.ENSP00000396320,19
cpi_9606.ENSP00000306884,19
cpi_9606.ENSP00000451030,19
cpi_9606.ENSP00000345728,19
cpi_9606.ENSP00000257254,19
cpi_9606.ENSP00000302846,19
cpi_9606.ENSP00000363643,19
cpi_9606.ENSP00000328708,19
cpi_9606.ENSP00000245457,19
cpi_9606.ENSP00000339377,19
cpi_9606.ENSP00000386229,19
cpi_9606.ENSP00000344192,19
cpi_9606.ENSP00000387123,19
cpi_9606.ENSP00000282561,19
cpi_9606.ENSP00000431719,19
cpi_9606.ENSP00000263967,19
cpi_9606.ENSP00000434364,19
cpi_9606.ENSP00000309591,19
cpi_9606.ENSP00000292513,19
cpi_9606.ENSP00000350878,19
cpi_9606.ENSP00000343428,19
cpi_9606.ENSP00000216911,19
cpi_9606.ENSP00000293288,19
cpi_9606.ENSP00000305302,19
cpi_9606.ENSP00000249041,19
cpi_9606.ENSP00000321821,19
cpi_9606.ENSP00000249284,19
cpi_9606.ENSP00000247881,19
cpi_9606.ENSP00000293778,19
cpi_9606.ENSP00000246115,19
cpi_9606.ENSP00000323549,19
cpi_9606.ENSP00000253122,19
cpi_9606.ENSP00000294728,19
cpi_9606.ENSP00000383558,19
cpi_9606.ENSP00000295256,19
cpi_9606.ENSP00000436450,19
cpi_9606.ENSP00000246657,19
cpi_9606.ENSP00000367123,19
cpi_9606.ENSP00000332816,18
cpi_9606.ENSP00000332766,18
cpi_9606.ENSP00000346298,18
cpi_9606.ENSP00000355317,18
cpi_9606.ENSP00000305464,18
cpi_9606.ENSP00000305221,18
cpi_9606.ENSP00000318585,18
cpi_9606.ENSP00000302079,18
cpi_9606.ENSP00000332116,18
cpi_9606.ENSP00000332549,18
cpi_9606.ENSP00000318822,18
cpi_9606.ENSP00000332504,18
cpi_9606.ENSP00000348069,18
cpi_9606.ENSP00000339393,18
cpi_9606.ENSP00000308361,18
cpi_9606.ENSP00000330070,18
cpi_9606.ENSP00000303452,18
cpi_9606.ENSP00000355156,18
cpi_9606.ENSP00000330199,18
cpi_9606.ENSP00000321326,18
cpi_9606.ENSP00000309572,18
cpi_9606.ENSP00000345708,18
cpi_9606.ENSP00000304283,18
cpi_9606.ENSP00000341821,18
cpi_9606.ENSP00000334050,18
cpi_9606.ENSP00000334105,18
cpi_9606.ENSP00000304592,18
cpi_9606.ENSP00000331736,18
cpi_9606.ENSP00000327724,18
cpi_9606.ENSP00000326432,18
cpi_9606.ENSP00000354532,18
cpi_9606.ENSP00000308815,18
cpi_9606.ENSP00000304895,18
cpi_9606.ENSP00000354416,18
cpi_9606.ENSP00000304915,18
cpi_9606.ENSP00000355645,18
cpi_9606.ENSP00000320376,18
cpi_9606.ENSP00000341289,18
cpi_9606.ENSP00000349478,18
cpi_9606.ENSP00000362795,18
cpi_9606.ENSP00000386201,18
cpi_9606.ENSP00000264668,18
cpi_9606.ENSP00000260356,18
cpi_9606.ENSP00000292174,18
cpi_9606.ENSP00000360683,18
cpi_9606.ENSP00000290378,18
cpi_9606.ENSP00000360773,18
cpi_9606.ENSP00000286758,18
cpi_9606.ENSP00000286621,18
cpi_9606.ENSP00000405095,18
cpi_9606.ENSP00000285900,18
cpi_9606.ENSP00000226317,18
cpi_9606.ENSP00000410732,18
cpi_9606.ENSP00000263431,18
cpi_9606.ENSP00000264318,18
cpi_9606.ENSP00000444736,18
cpi_9606.ENSP00000225371,18
cpi_9606.ENSP00000394932,18
cpi_9606.ENSP00000367930,18
cpi_9606.ENSP00000224784,18
cpi_9606.ENSP00000416706,18
cpi_9606.ENSP00000274545,18
cpi_9606.ENSP00000441624,18
cpi_9606.ENSP00000436714,18
cpi_9606.ENSP00000435591,18
cpi_9606.ENSP00000268053,18
cpi_9606.ENSP00000273550,18
cpi_9606.ENSP00000218388,18
cpi_9606.ENSP00000366005,18
cpi_9606.ENSP00000364252,18
cpi_9606.ENSP00000364709,18
cpi_9606.ENSP00000365775,18
cpi_9606.ENSP00000293275,18
cpi_9606.ENSP00000424040,18
cpi_9606.ENSP00000374467,18
cpi_9606.ENSP00000386210,18
cpi_9606.ENSP00000014930,18
cpi_9606.ENSP00000358525,18
cpi_9606.ENSP00000466933,18
cpi_9606.ENSP00000356954,18
cpi_9606.ENSP00000298440,18
cpi_9606.ENSP00000240687,18
cpi_9606.ENSP00000240615,18
cpi_9606.ENSP00000295454,18
cpi_9606.ENSP00000384708,18
cpi_9606.ENSP00000240691,18
cpi_9606.ENSP00000375095,18
cpi_9606.ENSP00000247879,18
cpi_9606.ENSP00000259631,18
cpi_9606.ENSP00000248041,18
cpi_9606.ENSP00000393312,18
cpi_9606.ENSP00000247883,18
cpi_9606.ENSP00000295137,18
cpi_9606.ENSP00000375091,18
cpi_9606.ENSP00000264896,17
cpi_9606.ENSP00000222390,17
cpi_9606.ENSP00000366620,17
cpi_9606.ENSP00000270570,17
cpi_9606.ENSP00000353679,17
cpi_9606.ENSP00000252804,17
cpi_9606.ENSP00000344789,17
cpi_9606.ENSP00000381333,17
cpi_9606.ENSP00000382659,17
cpi_9606.ENSP00000222002,17
cpi_9606.ENSP00000331602,17
cpi_9606.ENSP00000253727,17
cpi_9606.ENSP00000254227,17
cpi_9606.ENSP00000231228,17
cpi_9606.ENSP00000348645,17
cpi_9606.ENSP00000261465,17
cpi_9606.ENSP00000308165,17
cpi_9606.ENSP00000257770,17
cpi_9606.ENSP00000377192,17
cpi_9606.ENSP00000319788,17
cpi_9606.ENSP00000349078,17
cpi_9606.ENSP00000370473,17
cpi_9606.ENSP00000410294,17
cpi_9606.ENSP00000262948,17
cpi_9606.ENSP00000378323,17
cpi_9606.ENSP00000311430,17
cpi_9606.ENSP00000256104,17
cpi_9606.ENSP00000260102,17
cpi_9606.ENSP00000255084,17
cpi_9606.ENSP00000412673,17
cpi_9606.ENSP00000261733,17
cpi_9606.ENSP00000309477,17
cpi_9606.ENSP00000365012,17
cpi_9606.ENSP00000303424,17
cpi_9606.ENSP00000303208,17
cpi_9606.ENSP00000338627,17
cpi_9606.ENSP00000305742,17
cpi_9606.ENSP00000299847,17
cpi_9606.ENSP00000335544,17
cpi_9606.ENSP00000178638,17
cpi_9606.ENSP00000359793,17
cpi_9606.ENSP00000359719,17
cpi_9606.ENSP00000443194,17
cpi_9606.ENSP00000274547,17
cpi_9606.ENSP00000356671,17
cpi_9606.ENSP00000294954,17
cpi_9606.ENSP00000301891,17
cpi_9606.ENSP00000339527,17
cpi_9606.ENSP00000300738,17
cpi_9606.ENSP00000300289,17
cpi_9606.ENSP00000391826,16
cpi_9606.ENSP00000358784,16
cpi_9606.ENSP00000389414,16
cpi_9606.ENSP00000262352,16
cpi_9606.ENSP00000408526,16
cpi_9606.ENSP00000262017,16
cpi_9606.ENSP00000361151,16
cpi_9606.ENSP00000298472,16
cpi_9606.ENSP00000291295,16
cpi_9606.ENSP00000427562,16
cpi_9606.ENSP00000302728,16
cpi_9606.ENSP00000253099,16
cpi_9606.ENSP00000301633,16
cpi_9606.ENSP00000318912,16
cpi_9606.ENSP00000397582,16
cpi_9606.ENSP00000317272,16
cpi_9606.ENSP00000377865,16
cpi_9606.ENSP00000237527,16
cpi_9606.ENSP00000451605,16
cpi_9606.ENSP00000358424,16
cpi_9606.ENSP00000226574,16
cpi_9606.ENSP00000295589,16
cpi_9606.ENSP00000259396,16
cpi_9606.ENSP00000336701,16
cpi_9606.ENSP00000078429,16
cpi_9606.ENSP00000235382,16
cpi_9606.ENSP00000257290,16
cpi_9606.ENSP00000376432,16
cpi_9606.ENSP00000410076,16
cpi_9606.ENSP00000361965,16
cpi_9606.ENSP00000369757,16
cpi_9606.ENSP00000264399,16
cpi_9606.ENSP00000310219,16
cpi_9606.ENSP00000275216,16
cpi_9606.ENSP00000363676,16
cpi_9606.ENSP00000251595,16
cpi_9606.ENSP00000333821,16
cpi_9606.ENSP00000325822,16
cpi_9606.ENSP00000332296,16
cpi_9606.ENSP00000249750,16
cpi_9606.ENSP00000266376,16
cpi_9606.ENSP00000353224,16
cpi_9606.ENSP00000306817,16
cpi_9606.ENSP00000274335,16
cpi_9606.ENSP00000267101,16
cpi_9606.ENSP00000332369,16
cpi_9606.ENSP00000356162,16
cpi_9606.ENSP00000264613,16
cpi_9606.ENSP00000363115,16
cpi_9606.ENSP00000278175,16
cpi_9606.ENSP00000282753,16
cpi_9606.ENSP00000312286,16
cpi_9606.ENSP00000362353,16
cpi_9606.ENSP00000263269,16
cpi_9606.ENSP00000362401,16
cpi_9606.ENSP00000368752,16
cpi_9606.ENSP00000445175,16
cpi_9606.ENSP00000311469,16
cpi_9606.ENSP00000389103,16
cpi_9606.ENSP00000225474,16
cpi_9606.ENSP00000368253,16
cpi_9606.ENSP00000343392,16
cpi_9606.ENSP00000337103,15
cpi_9606.ENSP00000463847,15
cpi_9606.ENSP00000338082,15
cpi_9606.ENSP00000462023,15
cpi_9606.ENSP00000387536,15
cpi_9606.ENSP00000244137,15
cpi_9606.ENSP00000325548,15
cpi_9606.ENSP00000471569,15
cpi_9606.ENSP00000242839,15
cpi_9606.ENSP00000466399,15
cpi_9606.ENSP00000229277,15
cpi_9606.ENSP00000389465,15
cpi_9606.ENSP00000341730,15
cpi_9606.ENSP00000430269,15
cpi_9606.ENSP00000420168,15
cpi_9606.ENSP00000221421,15
cpi_9606.ENSP00000419471,15
cpi_9606.ENSP00000431040,15
cpi_9606.ENSP00000217961,15
cpi_9606.ENSP00000246337,15
cpi_9606.ENSP00000339795,15
cpi_9606.ENSP00000418960,15
cpi_9606.ENSP00000339001,15
cpi_9606.ENSP00000216024,15
cpi_9606.ENSP00000411658,15
cpi_9606.ENSP00000330393,15
cpi_9606.ENSP00000215956,15
cpi_9606.ENSP00000330032,15
cpi_9606.ENSP00000447378,15
cpi_9606.ENSP00000340943,15
cpi_9606.ENSP00000335511,15
cpi_9606.ENSP00000229319,15
cpi_9606.ENSP00000399168,15
cpi_9606.ENSP00000181383,15
cpi_9606.ENSP00000454071,15
cpi_9606.ENSP00000459962,15
cpi_9606.ENSP00000301634,15
cpi_9606.ENSP00000322617,15
cpi_9606.ENSP00000386029,15
cpi_9606.ENSP00000304501,15
cpi_9606.ENSP00000366488,15
cpi_9606.ENSP00000265421,15
cpi_9606.ENSP00000385026,15
cpi_9606.ENSP00000265100,15
cpi_9606.ENSP00000264995,15
cpi_9606.ENSP00000367848,15
cpi_9606.ENSP00000359532,15
cpi_9606.ENSP00000268661,15
cpi_9606.ENSP00000293842,15
cpi_9606.ENSP00000351314,15
cpi_9606.ENSP00000368349,15
cpi_9606.ENSP00000303540,15
cpi_9606.ENSP00000263321,15
cpi_9606.ENSP00000369530,15
cpi_9606.ENSP00000268251,15
cpi_9606.ENSP00000308176,15
cpi_9606.ENSP00000312326,15
cpi_9606.ENSP00000274026,15
cpi_9606.ENSP00000282077,15
cpi_9606.ENSP00000282018,15
cpi_9606.ENSP00000306548,15
cpi_9606.ENSP00000354569,15
cpi_9606.ENSP00000363804,15
cpi_9606.ENSP00000363812,15
cpi_9606.ENSP00000286548,15
cpi_9606.ENSP00000354739,15
cpi_9606.ENSP00000307445,15
cpi_9606.ENSP00000354193,15
cpi_9606.ENSP00000272317,15
cpi_9606.ENSP00000364212,15
cpi_9606.ENSP00000360493,15
cpi_9606.ENSP00000364731,15
cpi_9606.ENSP00000362334,15
cpi_9606.ENSP00000312262,15
cpi_9606.ENSP00000359353,15
cpi_9606.ENSP00000346063,15
cpi_9606.ENSP00000346022,15
cpi_9606.ENSP00000346015,15
cpi_9606.ENSP00000346001,15
cpi_9606.ENSP00000345974,15
cpi_9606.ENSP00000357669,15
cpi_9606.ENSP00000345659,15
cpi_9606.ENSP00000297316,15
cpi_9606.ENSP00000345344,15
cpi_9606.ENSP00000297350,15
cpi_9606.ENSP00000321999,15
cpi_9606.ENSP00000345096,15
cpi_9606.ENSP00000357615,15
cpi_9606.ENSP00000252029,15
cpi_9606.ENSP00000251535,15
cpi_9606.ENSP00000300151,15
cpi_9606.ENSP00000359345,15
cpi_9606.ENSP00000354525,15
cpi_9606.ENSP00000261937,15
cpi_9606.ENSP00000346671,15
cpi_9606.ENSP00000375730,15
cpi_9606.ENSP00000259469,15
cpi_9606.ENSP00000260010,15
cpi_9606.ENSP00000260191,15
cpi_9606.ENSP00000357981,15
cpi_9606.ENSP00000358548,15
cpi_9606.ENSP00000376943,15
cpi_9606.ENSP00000314499,15
cpi_9606.ENSP00000314214,15
cpi_9606.ENSP00000371929,15
cpi_9606.ENSP00000371985,15
cpi_9606.ENSP00000359910,14
cpi_9606.ENSP00000467494,14
cpi_9606.ENSP00000338160,14
cpi_9606.ENSP00000358727,14
cpi_9606.ENSP00000447149,14
cpi_9606.ENSP00000451560,14
cpi_9606.ENSP00000367439,14
cpi_9606.ENSP00000354476,14
cpi_9606.ENSP00000354394,14
cpi_9606.ENSP00000386284,14
cpi_9606.ENSP00000384610,14
cpi_9606.ENSP00000386306,14
cpi_9606.ENSP00000342850,14
cpi_9606.ENSP00000387683,14
cpi_9606.ENSP00000378306,14
cpi_9606.ENSP00000373477,14
cpi_9606.ENSP00000373404,14
cpi_9606.ENSP00000372547,14
cpi_9606.ENSP00000407509,14
cpi_9606.ENSP00000350005,14
cpi_9606.ENSP00000370381,14
cpi_9606.ENSP00000368572,14
cpi_9606.ENSP00000368104,14
cpi_9606.ENSP00000352561,14
cpi_9606.ENSP00000352584,14
cpi_9606.ENSP00000353770,14
cpi_9606.ENSP00000365807,14
cpi_9606.ENSP00000364805,14
cpi_9606.ENSP00000430432,14
cpi_9606.ENSP00000433290,14
cpi_9606.ENSP00000374219,14
cpi_9606.ENSP00000000442,14
cpi_9606.ENSP00000293190,14
cpi_9606.ENSP00000272847,14
cpi_9606.ENSP00000255409,14
cpi_9606.ENSP00000296411,14
cpi_9606.ENSP00000320401,14
cpi_9606.ENSP00000234371,14
cpi_9606.ENSP00000321584,14
cpi_9606.ENSP00000293330,14
cpi_9606.ENSP00000259457,14
cpi_9606.ENSP00000312664,14
cpi_9606.ENSP00000241256,14
cpi_9606.ENSP00000241453,14
cpi_9606.ENSP00000264705,14
cpi_9606.ENSP00000292896,14
cpi_9606.ENSP00000292147,14
cpi_9606.ENSP00000262160,14
cpi_9606.ENSP00000248437,14
cpi_9606.ENSP00000248553,14
cpi_9606.ENSP00000248923,14
cpi_9606.ENSP00000324740,14
cpi_9606.ENSP00000286301,14
cpi_9606.ENSP00000322421,14
cpi_9606.ENSP00000251810,14
cpi_9606.ENSP00000283635,14
cpi_9606.ENSP00000283254,14
cpi_9606.ENSP00000274606,14
cpi_9606.ENSP00000314649,14
cpi_9606.ENSP00000275525,14
cpi_9606.ENSP00000298283,14
cpi_9606.ENSP00000261835,14
cpi_9606.ENSP00000301178,14
cpi_9606.ENSP00000332973,14
cpi_9606.ENSP00000005178,14
cpi_9606.ENSP00000309103,14
cpi_9606.ENSP00000309493,14
cpi_9606.ENSP00000308897,14
cpi_9606.ENSP00000155840,14
cpi_9606.ENSP00000334198,14
cpi_9606.ENSP00000262958,14
cpi_9606.ENSP00000211122,14
cpi_9606.ENSP00000211287,14
cpi_9606.ENSP00000265294,14
cpi_9606.ENSP00000307599,14
cpi_9606.ENSP00000265403,14
cpi_9606.ENSP00000262848,14
cpi_9606.ENSP00000218721,14
cpi_9606.ENSP00000262407,14
cpi_9606.ENSP00000303830,14
cpi_9606.ENSP00000225964,14
cpi_9606.ENSP00000262441,14
cpi_9606.ENSP00000303686,14
cpi_9606.ENSP00000277541,14
cpi_9606.ENSP00000305355,14
cpi_9606.ENSP00000262584,14
cpi_9606.ENSP00000332256,14
cpi_9606.ENSP00000273077,13
cpi_9606.ENSP00000366927,13
cpi_9606.ENSP00000364782,13
cpi_9606.ENSP00000265174,13
cpi_9606.ENSP00000265563,13
cpi_9606.ENSP00000365686,13
cpi_9606.ENSP00000265717,13
cpi_9606.ENSP00000267119,13
cpi_9606.ENSP00000271308,13
cpi_9606.ENSP00000274353,13
cpi_9606.ENSP00000279178,13
cpi_9606.ENSP00000301071,13
cpi_9606.ENSP00000308208,13
cpi_9606.ENSP00000308024,13
cpi_9606.ENSP00000353878,13
cpi_9606.ENSP00000307240,13
cpi_9606.ENSP00000307014,13
cpi_9606.ENSP00000354554,13
cpi_9606.ENSP00000355192,13
cpi_9606.ENSP00000355533,13
cpi_9606.ENSP00000302967,13
cpi_9606.ENSP00000355629,13
cpi_9606.ENSP00000355657,13
cpi_9606.ENSP00000297261,13
cpi_9606.ENSP00000279387,13
cpi_9606.ENSP00000358107,13
cpi_9606.ENSP00000296122,13
cpi_9606.ENSP00000295930,13
cpi_9606.ENSP00000359539,13
cpi_9606.ENSP00000293745,13
cpi_9606.ENSP00000359899,13
cpi_9606.ENSP00000359998,13
cpi_9606.ENSP00000360250,13
cpi_9606.ENSP00000361076,13
cpi_9606.ENSP00000361359,13
cpi_9606.ENSP00000280704,13
cpi_9606.ENSP00000264818,13
cpi_9606.ENSP00000261416,13
cpi_9606.ENSP00000264071,13
cpi_9606.ENSP00000222553,13
cpi_9606.ENSP00000236671,13
cpi_9606.ENSP00000234310,13
cpi_9606.ENSP00000394936,13
cpi_9606.ENSP00000232892,13
cpi_9606.ENSP00000230050,13
cpi_9606.ENSP00000228740,13
cpi_9606.ENSP00000228476,13
cpi_9606.ENSP00000227758,13
cpi_9606.ENSP00000408860,13
cpi_9606.ENSP00000226578,13
cpi_9606.ENSP00000226444,13
cpi_9606.ENSP00000225426,13
cpi_9606.ENSP00000414359,13
cpi_9606.ENSP00000222330,13
cpi_9606.ENSP00000369442,13
cpi_9606.ENSP00000419425,13
cpi_9606.ENSP00000420927,13
cpi_9606.ENSP00000427514,13
cpi_9606.ENSP00000428864,13
cpi_9606.ENSP00000431512,13
cpi_9606.ENSP00000217244,13
cpi_9606.ENSP00000216465,13
cpi_9606.ENSP00000441691,13
cpi_9606.ENSP00000200676,13
cpi_9606.ENSP00000199280,13
cpi_9606.ENSP00000044462,13
cpi_9606.ENSP00000039007,13
cpi_9606.ENSP00000012443,13
cpi_9606.ENSP00000238018,13
cpi_9606.ENSP00000240139,13
cpi_9606.ENSP00000240652,13
cpi_9606.ENSP00000242057,13
cpi_9606.ENSP00000369654,13
cpi_9606.ENSP00000369703,13
cpi_9606.ENSP00000262193,13
cpi_9606.ENSP00000371138,13
cpi_9606.ENSP00000371432,13
cpi_9606.ENSP00000353415,13
cpi_9606.ENSP00000261205,13
cpi_9606.ENSP00000260649,13
cpi_9606.ENSP00000258317,13
cpi_9606.ENSP00000258042,13
cpi_9606.ENSP00000376609,13
cpi_9606.ENSP00000376914,13
cpi_9606.ENSP00000377947,13
cpi_9606.ENSP00000378517,13
cpi_9606.ENSP00000254810,13
cpi_9606.ENSP00000254079,13
cpi_9606.ENSP00000379514,13
cpi_9606.ENSP00000379839,13
cpi_9606.ENSP00000380514,13
cpi_9606.ENSP00000253004,13
cpi_9606.ENSP00000382791,13
cpi_9606.ENSP00000250378,13
cpi_9606.ENSP00000384957,13
cpi_9606.ENSP00000386171,13
cpi_9606.ENSP00000244289,13
cpi_9606.ENSP00000244217,13
cpi_9606.ENSP00000243911,13
cpi_9606.ENSP00000353472,13
cpi_9606.ENSP00000472933,13
cpi_9606.ENSP00000318077,13
cpi_9606.ENSP00000351410,13
cpi_9606.ENSP00000330484,13
cpi_9606.ENSP00000312029,13
cpi_9606.ENSP00000340954,13
cpi_9606.ENSP00000347979,13
cpi_9606.ENSP00000327255,13
cpi_9606.ENSP00000321988,13
cpi_9606.ENSP00000319170,13
cpi_9606.ENSP00000342307,13
cpi_9606.ENSP00000346534,13
cpi_9606.ENSP00000331912,13
cpi_9606.ENSP00000343040,13
cpi_9606.ENSP00000351209,13
cpi_9606.ENSP00000311873,13
cpi_9606.ENSP00000320180,13
cpi_9606.ENSP00000320866,13
cpi_9606.ENSP00000344193,13
cpi_9606.ENSP00000313681,13
cpi_9606.ENSP00000344460,13
cpi_9606.ENSP00000340691,13
cpi_9606.ENSP00000345502,13
cpi_9606.ENSP00000338548,13
cpi_9606.ENSP00000309818,13
cpi_9606.ENSP00000333926,13
cpi_9606.ENSP00000314099,13
cpi_9606.ENSP00000339027,13
cpi_9606.ENSP00000348786,13
cpi_9606.ENSP00000312673,13
cpi_9606.ENSP00000348827,13
cpi_9606.ENSP00000346012,12
cpi_9606.ENSP00000371554,12
cpi_9606.ENSP00000276651,12
cpi_9606.ENSP00000346017,12
cpi_9606.ENSP00000261479,12
cpi_9606.ENSP00000320025,12
cpi_9606.ENSP00000346027,12
cpi_9606.ENSP00000370376,12
cpi_9606.ENSP00000262178,12
cpi_9606.ENSP00000362329,12
cpi_9606.ENSP00000346148,12
cpi_9606.ENSP00000260443,12
cpi_9606.ENSP00000283558,12
cpi_9606.ENSP00000260227,12
cpi_9606.ENSP00000349320,12
cpi_9606.ENSP00000374265,12
cpi_9606.ENSP00000259818,12
cpi_9606.ENSP00000361141,12
cpi_9606.ENSP00000321636,12
cpi_9606.ENSP00000259271,12
cpi_9606.ENSP00000259089,12
cpi_9606.ENSP00000262461,12
cpi_9606.ENSP00000369643,12
cpi_9606.ENSP00000280706,12
cpi_9606.ENSP00000362649,12
cpi_9606.ENSP00000364035,12
cpi_9606.ENSP00000277508,12
cpi_9606.ENSP00000272167,12
cpi_9606.ENSP00000364320,12
cpi_9606.ENSP00000364802,12
cpi_9606.ENSP00000362810,12
cpi_9606.ENSP00000280357,12
cpi_9606.ENSP00000269159,12
cpi_9606.ENSP00000268171,12
cpi_9606.ENSP00000267843,12
cpi_9606.ENSP00000267017,12
cpi_9606.ENSP00000276449,12
cpi_9606.ENSP00000362608,12
cpi_9606.ENSP00000318697,12
cpi_9606.ENSP00000264637,12
cpi_9606.ENSP00000264162,12
cpi_9606.ENSP00000368305,12
cpi_9606.ENSP00000263339,12
cpi_9606.ENSP00000263088,12
cpi_9606.ENSP00000280701,12
cpi_9606.ENSP00000362513,12
cpi_9606.ENSP00000262999,12
cpi_9606.ENSP00000309334,12
cpi_9606.ENSP00000379500,12
cpi_9606.ENSP00000001008,12
cpi_9606.ENSP00000393847,12
cpi_9606.ENSP00000232607,12
cpi_9606.ENSP00000231790,12
cpi_9606.ENSP00000404375,12
cpi_9606.ENSP00000405573,12
cpi_9606.ENSP00000226299,12
cpi_9606.ENSP00000225430,12
cpi_9606.ENSP00000418082,12
cpi_9606.ENSP00000418447,12
cpi_9606.ENSP00000220003,12
cpi_9606.ENSP00000428824,12
cpi_9606.ENSP00000430031,12
cpi_9606.ENSP00000218758,12
cpi_9606.ENSP00000430620,12
cpi_9606.ENSP00000430684,12
cpi_9606.ENSP00000218099,12
cpi_9606.ENSP00000217270,12
cpi_9606.ENSP00000217133,12
cpi_9606.ENSP00000339299,12
cpi_9606.ENSP00000438144,12
cpi_9606.ENSP00000438284,12
cpi_9606.ENSP00000440045,12
cpi_9606.ENSP00000216455,12
cpi_9606.ENSP00000447001,12
cpi_9606.ENSP00000176763,12
cpi_9606.ENSP00000019103,12
cpi_9606.ENSP00000466799,12
cpi_9606.ENSP00000011292,12
cpi_9606.ENSP00000394033,12
cpi_9606.ENSP00000392262,12
cpi_9606.ENSP00000256857,12
cpi_9606.ENSP00000327246,12
cpi_9606.ENSP00000377640,12
cpi_9606.ENSP00000256442,12
cpi_9606.ENSP00000322991,12
cpi_9606.ENSP00000254976,12
cpi_9606.ENSP00000344220,12
cpi_9606.ENSP00000380156,12
cpi_9606.ENSP00000323516,12
cpi_9606.ENSP00000382250,12
cpi_9606.ENSP00000383365,12
cpi_9606.ENSP00000250615,12
cpi_9606.ENSP00000384296,12
cpi_9606.ENSP00000248572,12
cpi_9606.ENSP00000343477,12
cpi_9606.ENSP00000245539,12
cpi_9606.ENSP00000245206,12
cpi_9606.ENSP00000343204,12
cpi_9606.ENSP00000386655,12
cpi_9606.ENSP00000386717,12
cpi_9606.ENSP00000244051,12
cpi_9606.ENSP00000326119,12
cpi_9606.ENSP00000327070,12
cpi_9606.ENSP00000240874,12
cpi_9606.ENSP00000388825,12
cpi_9606.ENSP00000389338,12
cpi_9606.ENSP00000342087,12
cpi_9606.ENSP00000237858,12
cpi_9606.ENSP00000391676,12
cpi_9606.ENSP00000286479,12
cpi_9606.ENSP00000346067,12
cpi_9606.ENSP00000302393,12
cpi_9606.ENSP00000356729,12
cpi_9606.ENSP00000298386,12
cpi_9606.ENSP00000295452,12
cpi_9606.ENSP00000356436,12
cpi_9606.ENSP00000298139,12
cpi_9606.ENSP00000292427,12
cpi_9606.ENSP00000352035,12
cpi_9606.ENSP00000349576,12
cpi_9606.ENSP00000357066,12
cpi_9606.ENSP00000311876,12
cpi_9606.ENSP00000305480,12
cpi_9606.ENSP00000298352,12
cpi_9606.ENSP00000350052,12
cpi_9606.ENSP00000301974,12
cpi_9606.ENSP00000301420,12
cpi_9606.ENSP00000310305,12
cpi_9606.ENSP00000297792,12
cpi_9606.ENSP00000359100,12
cpi_9606.ENSP00000293636,12
cpi_9606.ENSP00000356198,12
cpi_9606.ENSP00000291565,12
cpi_9606.ENSP00000292095,12
cpi_9606.ENSP00000354876,12
cpi_9606.ENSP00000355315,12
cpi_9606.ENSP00000295400,12
cpi_9606.ENSP00000288139,12
cpi_9606.ENSP00000293813,12
cpi_9606.ENSP00000296511,12
cpi_9606.ENSP00000353362,12
cpi_9606.ENSP00000351885,12
cpi_9606.ENSP00000351682,12
cpi_9606.ENSP00000353427,12
cpi_9606.ENSP00000357283,12
cpi_9606.ENSP00000296277,12
cpi_9606.ENSP00000303325,12
cpi_9606.ENSP00000303147,12
cpi_9606.ENSP00000290349,12
cpi_9606.ENSP00000303248,12
cpi_9606.ENSP00000355325,12
cpi_9606.ENSP00000256578,11
cpi_9606.ENSP00000354610,11
cpi_9606.ENSP00000222482,11
cpi_9606.ENSP00000297991,11
cpi_9606.ENSP00000378890,11
cpi_9606.ENSP00000357068,11
cpi_9606.ENSP00000357204,11
cpi_9606.ENSP00000223366,11
cpi_9606.ENSP00000377948,11
cpi_9606.ENSP00000356832,11
cpi_9606.ENSP00000311121,11
cpi_9606.ENSP00000351957,11
cpi_9606.ENSP00000256383,11
cpi_9606.ENSP00000219794,11
cpi_9606.ENSP00000222481,11
cpi_9606.ENSP00000375809,11
cpi_9606.ENSP00000340278,11
cpi_9606.ENSP00000219252,11
cpi_9606.ENSP00000421566,11
cpi_9606.ENSP00000296677,11
cpi_9606.ENSP00000220616,11
cpi_9606.ENSP00000419851,11
cpi_9606.ENSP00000296754,11
cpi_9606.ENSP00000358059,11
cpi_9606.ENSP00000320295,11
cpi_9606.ENSP00000261196,11
cpi_9606.ENSP00000221138,11
cpi_9606.ENSP00000221515,11
cpi_9606.ENSP00000221972,11
cpi_9606.ENSP00000297268,11
cpi_9606.ENSP00000352011,11
cpi_9606.ENSP00000259486,11
cpi_9606.ENSP00000297770,11
cpi_9606.ENSP00000357336,11
cpi_9606.ENSP00000417901,11
cpi_9606.ENSP00000379086,11
cpi_9606.ENSP00000304802,11
cpi_9606.ENSP00000379133,11
cpi_9606.ENSP00000356150,11
cpi_9606.ENSP00000402152,11
cpi_9606.ENSP00000355890,11
cpi_9606.ENSP00000355778,11
cpi_9606.ENSP00000302441,11
cpi_9606.ENSP00000242375,11
cpi_9606.ENSP00000326219,11
cpi_9606.ENSP00000326424,11
cpi_9606.ENSP00000311028,11
cpi_9606.ENSP00000229447,11
cpi_9606.ENSP00000387888,11
cpi_9606.ENSP00000387946,11
cpi_9606.ENSP00000302886,11
cpi_9606.ENSP00000310447,11
cpi_9606.ENSP00000342235,11
cpi_9606.ENSP00000238379,11
cpi_9606.ENSP00000234590,11
cpi_9606.ENSP00000310405,11
cpi_9606.ENSP00000303775,11
cpi_9606.ENSP00000398655,11
cpi_9606.ENSP00000341828,11
cpi_9606.ENSP00000351908,11
cpi_9606.ENSP00000386212,11
cpi_9606.ENSP00000229270,11
cpi_9606.ENSP00000344352,11
cpi_9606.ENSP00000246553,11
cpi_9606.ENSP00000379330,11
cpi_9606.ENSP00000411593,11
cpi_9606.ENSP00000329357,11
cpi_9606.ENSP00000379802,11
cpi_9606.ENSP00000253799,11
cpi_9606.ENSP00000410815,11
cpi_9606.ENSP00000380318,11
cpi_9606.ENSP00000350785,11
cpi_9606.ENSP00000381097,11
cpi_9606.ENSP00000253303,11
cpi_9606.ENSP00000354850,11
cpi_9606.ENSP00000341044,11
cpi_9606.ENSP00000409612,11
cpi_9606.ENSP00000300093,11
cpi_9606.ENSP00000251566,11
cpi_9606.ENSP00000343885,11
cpi_9606.ENSP00000301072,11
cpi_9606.ENSP00000248935,11
cpi_9606.ENSP00000229264,11
cpi_9606.ENSP00000311095,11
cpi_9606.ENSP00000248076,11
cpi_9606.ENSP00000219240,11
cpi_9606.ENSP00000327431,11
cpi_9606.ENSP00000270631,11
cpi_9606.ENSP00000054668,11
cpi_9606.ENSP00000365663,11
cpi_9606.ENSP00000277942,11
cpi_9606.ENSP00000270586,11
cpi_9606.ENSP00000216392,11
cpi_9606.ENSP00000333496,11
cpi_9606.ENSP00000268124,11
cpi_9606.ENSP00000366307,11
cpi_9606.ENSP00000366410,11
cpi_9606.ENSP00000164139,11
cpi_9606.ENSP00000267549,11
cpi_9606.ENSP00000362924,11
cpi_9606.ENSP00000335560,11
cpi_9606.ENSP00000352608,11
cpi_9606.ENSP00000307822,11
cpi_9606.ENSP00000347549,11
cpi_9606.ENSP00000337746,11
cpi_9606.ENSP00000313490,11
cpi_9606.ENSP00000365380,11
cpi_9606.ENSP00000365233,11
cpi_9606.ENSP00000216341,11
cpi_9606.ENSP00000293404,11
cpi_9606.ENSP00000363827,11
cpi_9606.ENSP00000348459,11
cpi_9606.ENSP00000352900,11
cpi_9606.ENSP00000317159,11
cpi_9606.ENSP00000450399,11
cpi_9606.ENSP00000314949,11
cpi_9606.ENSP00000359680,11
cpi_9606.ENSP00000215904,11
cpi_9606.ENSP00000364898,11
cpi_9606.ENSP00000451040,11
cpi_9606.ENSP00000363533,11
cpi_9606.ENSP00000271331,11
cpi_9606.ENSP00000348234,11
cpi_9606.ENSP00000317379,11
cpi_9606.ENSP00000216185,11
cpi_9606.ENSP00000306100,11
cpi_9606.ENSP00000362576,11
cpi_9606.ENSP00000362674,11
cpi_9606.ENSP00000306561,11
cpi_9606.ENSP00000306397,11
cpi_9606.ENSP00000369038,11
cpi_9606.ENSP00000306606,11
cpi_9606.ENSP00000291700,11
cpi_9606.ENSP00000337128,11
cpi_9606.ENSP00000354499,11
cpi_9606.ENSP00000296271,11
cpi_9606.ENSP00000430075,11
cpi_9606.ENSP00000467676,11
cpi_9606.ENSP00000263212,11
cpi_9606.ENSP00000286091,11
cpi_9606.ENSP00000262888,11
cpi_9606.ENSP00000471397,11
cpi_9606.ENSP00000428924,11
cpi_9606.ENSP00000346103,11
cpi_9606.ENSP00000337354,11
cpi_9606.ENSP00000358595,11
cpi_9606.ENSP00000288602,11
cpi_9606.ENSP00000273398,11
cpi_9606.ENSP00000336799,11
cpi_9606.ENSP00000362344,11
cpi_9606.ENSP00000282841,11
cpi_9606.ENSP00000318868,11
cpi_9606.ENSP00000359096,11
cpi_9606.ENSP00000282957,11
cpi_9606.ENSP00000362403,11
cpi_9606.ENSP00000263980,11
cpi_9606.ENSP00000290541,11
cpi_9606.ENSP00000263464,11
cpi_9606.ENSP00000333212,11
cpi_9606.ENSP00000264867,11
cpi_9606.ENSP00000346827,11
cpi_9606.ENSP00000336762,10
cpi_9606.ENSP00000402608,10
cpi_9606.ENSP00000304408,10
cpi_9606.ENSP00000232219,10
cpi_9606.ENSP00000398632,10
cpi_9606.ENSP00000354871,10
cpi_9606.ENSP00000463999,10
cpi_9606.ENSP00000470087,10
cpi_9606.ENSP00000309124,10
cpi_9606.ENSP00000171757,10
cpi_9606.ENSP00000400376,10
cpi_9606.ENSP00000457706,10
cpi_9606.ENSP00000196551,10
cpi_9606.ENSP00000013034,10
cpi_9606.ENSP00000353072,10
cpi_9606.ENSP00000309431,10
cpi_9606.ENSP00000327850,10
cpi_9606.ENSP00000428340,10
cpi_9606.ENSP00000406157,10
cpi_9606.ENSP00000217426,10
cpi_9606.ENSP00000435412,10
cpi_9606.ENSP00000216962,10
cpi_9606.ENSP00000417229,10
cpi_9606.ENSP00000309968,10
cpi_9606.ENSP00000434045,10
cpi_9606.ENSP00000433821,10
cpi_9606.ENSP00000333326,10
cpi_9606.ENSP00000305422,10
cpi_9606.ENSP00000222256,10
cpi_9606.ENSP00000340526,10
cpi_9606.ENSP00000328173,10
cpi_9606.ENSP00000339399,10
cpi_9606.ENSP00000419782,10
cpi_9606.ENSP00000305692,10
cpi_9606.ENSP00000219919,10
cpi_9606.ENSP00000420487,10
cpi_9606.ENSP00000340523,10
cpi_9606.ENSP00000429374,10
cpi_9606.ENSP00000233146,10
cpi_9606.ENSP00000332139,10
cpi_9606.ENSP00000216862,10
cpi_9606.ENSP00000435777,10
cpi_9606.ENSP00000216540,10
cpi_9606.ENSP00000414334,10
cpi_9606.ENSP00000328230,10
cpi_9606.ENSP00000328808,10
cpi_9606.ENSP00000448059,10
cpi_9606.ENSP00000328818,10
cpi_9606.ENSP00000409007,10
cpi_9606.ENSP00000333667,10
cpi_9606.ENSP00000226840,10
cpi_9606.ENSP00000308845,10
cpi_9606.ENSP00000445340,10
cpi_9606.ENSP00000216037,10
cpi_9606.ENSP00000443459,10
cpi_9606.ENSP00000225927,10
cpi_9606.ENSP00000304822,10
cpi_9606.ENSP00000216410,10
cpi_9606.ENSP00000340925,10
cpi_9606.ENSP00000308774,10
cpi_9606.ENSP00000309771,10
cpi_9606.ENSP00000413074,10
cpi_9606.ENSP00000307697,10
cpi_9606.ENSP00000286719,10
cpi_9606.ENSP00000253792,10
cpi_9606.ENSP00000396452,10
cpi_9606.ENSP00000295731,10
cpi_9606.ENSP00000365016,10
cpi_9606.ENSP00000268695,10
cpi_9606.ENSP00000359424,10
cpi_9606.ENSP00000295448,10
cpi_9606.ENSP00000347978,10
cpi_9606.ENSP00000366662,10
cpi_9606.ENSP00000295491,10
cpi_9606.ENSP00000318197,10
cpi_9606.ENSP00000318646,10
cpi_9606.ENSP00000295619,10
cpi_9606.ENSP00000264932,10
cpi_9606.ENSP00000367615,10
cpi_9606.ENSP00000367851,10
cpi_9606.ENSP00000264357,10
cpi_9606.ENSP00000233944,10
cpi_9606.ENSP00000295834,10
cpi_9606.ENSP00000263857,10
cpi_9606.ENSP00000368632,10
cpi_9606.ENSP00000263377,10
cpi_9606.ENSP00000263126,10
cpi_9606.ENSP00000296046,10
cpi_9606.ENSP00000369100,10
cpi_9606.ENSP00000369375,10
cpi_9606.ENSP00000319531,10
cpi_9606.ENSP00000350767,10
cpi_9606.ENSP00000346598,10
cpi_9606.ENSP00000319744,10
cpi_9606.ENSP00000369784,10
cpi_9606.ENSP00000270625,10
cpi_9606.ENSP00000359635,10
cpi_9606.ENSP00000270776,10
cpi_9606.ENSP00000312304,10
cpi_9606.ENSP00000287878,10
cpi_9606.ENSP00000361206,10
cpi_9606.ENSP00000349252,10
cpi_9606.ENSP00000285381,10
cpi_9606.ENSP00000361446,10
cpi_9606.ENSP00000361465,10
cpi_9606.ENSP00000283646,10
cpi_9606.ENSP00000361668,10
cpi_9606.ENSP00000313699,10
cpi_9606.ENSP00000362036,10
cpi_9606.ENSP00000362398,10
cpi_9606.ENSP00000362441,10
cpi_9606.ENSP00000314508,10
cpi_9606.ENSP00000349577,10
cpi_9606.ENSP00000363018,10
cpi_9606.ENSP00000349595,10
cpi_9606.ENSP00000293230,10
cpi_9606.ENSP00000348775,10
cpi_9606.ENSP00000312455,10
cpi_9606.ENSP00000276590,10
cpi_9606.ENSP00000363614,10
cpi_9606.ENSP00000274793,10
cpi_9606.ENSP00000348395,10
cpi_9606.ENSP00000272227,10
cpi_9606.ENSP00000272065,10
cpi_9606.ENSP00000364257,10
cpi_9606.ENSP00000271620,10
cpi_9606.ENSP00000296370,10
cpi_9606.ENSP00000262545,10
cpi_9606.ENSP00000353292,10
cpi_9606.ENSP00000343745,10
cpi_9606.ENSP00000379339,10
cpi_9606.ENSP00000356793,10
cpi_9606.ENSP00000356792,10
cpi_9606.ENSP00000287713,10
cpi_9606.ENSP00000300061,10
cpi_9606.ENSP00000323568,10
cpi_9606.ENSP00000252809,10
cpi_9606.ENSP00000323867,10
cpi_9606.ENSP00000382177,10
cpi_9606.ENSP00000251453,10
cpi_9606.ENSP00000382982,10
cpi_9606.ENSP00000300108,10
cpi_9606.ENSP00000324105,10
cpi_9606.ENSP00000384774,10
cpi_9606.ENSP00000370373,10
cpi_9606.ENSP00000343690,10
cpi_9606.ENSP00000324856,10
cpi_9606.ENSP00000246549,10
cpi_9606.ENSP00000326042,10
cpi_9606.ENSP00000245983,10
cpi_9606.ENSP00000356094,10
cpi_9606.ENSP00000241600,10
cpi_9606.ENSP00000302620,10
cpi_9606.ENSP00000388107,10
cpi_9606.ENSP00000234389,10
cpi_9606.ENSP00000341885,10
cpi_9606.ENSP00000395653,10
cpi_9606.ENSP00000234071,10
cpi_9606.ENSP00000344353,10
cpi_9606.ENSP00000255465,10
cpi_9606.ENSP00000378089,10
cpi_9606.ENSP00000344674,10
cpi_9606.ENSP00000319814,10
cpi_9606.ENSP00000262367,10
cpi_9606.ENSP00000296412,10
cpi_9606.ENSP00000370912,10
cpi_9606.ENSP00000262187,10
cpi_9606.ENSP00000296641,10
cpi_9606.ENSP00000296674,10
cpi_9606.ENSP00000320171,10
cpi_9606.ENSP00000262027,10
cpi_9606.ENSP00000358223,10
cpi_9606.ENSP00000261755,10
cpi_9606.ENSP00000261386,10
cpi_9606.ENSP00000358042,10
cpi_9606.ENSP00000297258,10
cpi_9606.ENSP00000373674,10
cpi_9606.ENSP00000311165,10
cpi_9606.ENSP00000374323,10
cpi_9606.ENSP00000374353,10
cpi_9606.ENSP00000357651,10
cpi_9606.ENSP00000259667,10
cpi_9606.ENSP00000258749,10
cpi_9606.ENSP00000258662,10
cpi_9606.ENSP00000376178,10
cpi_9606.ENSP00000345487,10
cpi_9606.ENSP00000256999,10
cpi_9606.ENSP00000256722,10
cpi_9606.ENSP00000377527,10
cpi_9606.ENSP00000337773,10
cpi_9606.ENSP00000346901,9
cpi_9606.ENSP00000309649,9
