Dataset,XofN method,Ung or Org,Macro-AUROC,Hamming Loss,Subset Accuracy,Macro-F1,Macro-Recall,Macro-Precision,Ranking Loss,Nodes; Leaves,#XofN; #Feat/XofN,#Ung. Feats,XofN time (s); PCT tr. time (s)
fingerprint_mid_freq,XofN_none,N/A,0.574,0.386,0.231,0.415,0.373,0.474,0.258,161.0; 81.0,N/A,N/A,1.1
fingerprint_low_freq,XofN_none,N/A,0.511,0.246,0.371,0.02,0.017,0.077,0.302,8.8; 4.9,N/A,N/A,1.1
fingerprint_high_freq,XofN_none,N/A,0.517,0.227,0.519,0.87,0.983,0.782,0.164,18.8; 9.9,N/A,N/A,1.0
fingerprint_cardiac,XofN_none,N/A,0.517,0.256,0.383,0.016,0.015,0.038,0.231,8.6; 4.8,N/A,N/A,1.1
CPI_mid_freq,XofN_none,N/A,0.583,0.385,0.241,0.428,0.376,0.511,0.264,127.8; 64.4,N/A,N/A,2.5
CPI_low_freq,XofN_none,N/A,0.594,0.263,0.33,0.187,0.147,0.422,0.294,49.4; 25.2,N/A,N/A,2.5
CPI_high_freq,XofN_none,N/A,0.55,0.216,0.535,0.877,0.981,0.794,0.162,22.4; 11.7,N/A,N/A,2.4
CPI_cardiac,XofN_none,N/A,0.561,0.283,0.341,0.204,0.156,0.424,0.244,52.0; 26.5,N/A,N/A,2.8
CPI+fingerprint_mid_freq,XofN_none,N/A,0.597,0.356,0.266,0.405,0.336,0.528,0.256,160.8; 80.9,N/A,N/A,2.9
CPI+fingerprint_low_freq,XofN_none,N/A,0.591,0.241,0.357,0.241,0.164,0.516,0.287,60.0; 30.5,N/A,N/A,3.1
CPI+fingerprint_high_freq,XofN_none,N/A,0.57,0.239,0.492,0.858,0.944,0.789,0.153,61.2; 31.1,N/A,N/A,2.9
CPI+fingerprint_cardiac,XofN_none,N/A,0.588,0.263,0.37,0.237,0.167,0.451,0.226,75.4; 38.2,N/A,N/A,3.2
fingerprint_ten,XofN_none,N/A,0.607,0.398,0.06,0.599,0.61,0.593,0.287,151.6; 76.3,N/A,N/A,1.1
CPI_ten,XofN_none,N/A,0.616,0.387,0.055,0.604,0.604,0.623,0.264,108.0; 54.5,N/A,N/A,2.4
CPI+fingerprint_ten,XofN_none,N/A,0.608,0.409,0.065,0.569,0.558,0.587,0.284,171.8; 86.4,N/A,N/A,3.0
fingerprint_ten_mid,XofN_none,N/A,0.58,0.35,0.11,0.323,0.248,0.504,0.35,85.6; 43.3,N/A,N/A,1.1
CPI_ten_mid,XofN_none,N/A,0.571,0.355,0.107,0.352,0.274,0.532,0.372,68.8; 34.9,N/A,N/A,2.8
CPI+fingerprint_ten_mid,XofN_none,N/A,0.598,0.344,0.131,0.354,0.28,0.504,0.343,102.4; 51.7,N/A,N/A,3.1
fingerprint_mid_freq,XofN Jac-max,Ung,0.605,0.368,0.237,0.404,0.343,0.499,0.258,158.0; 79.5,108.0; 5.0,0.0,78.3; 0.7
fingerprint_mid_freq,XofN Jac-max,Org,0.588,0.379,0.233,0.405,0.353,0.483,0.258,164.0; 82.5,108.0; 5.0,0.0,78.3; 1.3
fingerprint_low_freq,XofN Jac-max,Ung,0.5,0.243,0.374,0.0,0.0,0.0,0.302,1.0; 1.0,108.0; 5.0,0.0,78.4; 0.7
fingerprint_low_freq,XofN Jac-max,Org,0.515,0.247,0.37,0.016,0.013,0.056,0.298,7.6; 4.3,108.0; 5.0,0.0,78.4; 1.3
fingerprint_high_freq,XofN Jac-max,Ung,0.555,0.229,0.498,0.866,0.957,0.793,0.16,43.8; 22.4,108.0; 5.0,0.0,78.2; 0.7
fingerprint_high_freq,XofN Jac-max,Org,0.551,0.235,0.499,0.863,0.951,0.791,0.16,46.4; 23.7,108.0; 5.0,0.0,78.2; 1.3
fingerprint_cardiac,XofN Jac-max,Ung,0.543,0.256,0.379,0.056,0.059,0.224,0.223,18.6; 9.8,108.0; 5.0,0.0,78.1; 0.7
fingerprint_cardiac,XofN Jac-max,Org,0.547,0.27,0.363,0.093,0.095,0.281,0.23,35.4; 18.2,108.0; 5.0,0.0,78.1; 1.3
CPI_mid_freq,XofN Jac-max,Ung,0.599,0.367,0.244,0.436,0.37,0.544,0.267,108.8; 54.9,322.0; 5.0,0.0,359.1; 1.0
CPI_mid_freq,XofN Jac-max,Org,0.594,0.379,0.237,0.433,0.38,0.519,0.265,132.8; 66.9,322.0; 5.0,0.0,359.1; 2.9
CPI_low_freq,XofN Jac-max,Ung,0.592,0.26,0.331,0.192,0.148,0.51,0.293,53.2; 27.1,322.0; 5.0,0.0,358.1; 1.1
CPI_low_freq,XofN Jac-max,Org,0.613,0.262,0.332,0.245,0.17,0.5,0.287,57.2; 29.1,322.0; 5.0,0.0,358.1; 3.0
CPI_high_freq,XofN Jac-max,Ung,0.566,0.216,0.537,0.876,0.978,0.795,0.162,17.0; 9.0,322.0; 5.0,0.0,356.2; 0.9
CPI_high_freq,XofN Jac-max,Org,0.599,0.218,0.534,0.875,0.971,0.797,0.164,29.6; 15.3,322.0; 5.0,0.0,356.2; 2.6
CPI_cardiac,XofN Jac-max,Ung,0.591,0.275,0.346,0.249,0.177,0.478,0.231,55.4; 28.2,322.0; 5.0,0.0,355.0; 1.0
CPI_cardiac,XofN Jac-max,Org,0.592,0.273,0.345,0.251,0.176,0.48,0.231,64.4; 32.7,322.0; 5.0,0.0,355.0; 3.0
CPI+fingerprint_mid_freq,XofN Jac-max,Ung,0.592,0.361,0.26,0.428,0.372,0.512,0.255,150.6; 75.8,430.0; 5.0,0.0,537.5; 1.1
CPI+fingerprint_mid_freq,XofN Jac-max,Org,0.597,0.36,0.266,0.423,0.364,0.513,0.263,161.0; 81.0,430.0; 5.0,0.0,537.5; 3.5
CPI+fingerprint_low_freq,XofN Jac-max,Ung,0.609,0.25,0.357,0.23,0.161,0.451,0.28,61.4; 31.2,430.0; 5.0,0.0,536.2; 1.2
CPI+fingerprint_low_freq,XofN Jac-max,Org,0.599,0.246,0.363,0.199,0.163,0.456,0.275,68.6; 34.8,430.0; 5.0,0.0,536.2; 3.9
CPI+fingerprint_high_freq,XofN Jac-max,Ung,0.591,0.23,0.493,0.864,0.95,0.793,0.162,65.8; 33.4,430.0; 5.0,0.0,534.4; 1.2
CPI+fingerprint_high_freq,XofN Jac-max,Org,0.601,0.237,0.49,0.859,0.941,0.791,0.157,76.8; 38.9,430.0; 5.0,0.0,534.4; 3.5
CPI+fingerprint_cardiac,XofN Jac-max,Ung,0.583,0.269,0.357,0.223,0.176,0.43,0.222,77.8; 39.4,430.0; 5.0,0.0,527.2; 1.2
CPI+fingerprint_cardiac,XofN Jac-max,Org,0.584,0.273,0.361,0.253,0.187,0.418,0.225,85.2; 43.1,430.0; 5.0,0.0,527.2; 3.9
fingerprint_ten,XofN Jac-max,Ung,0.596,0.41,0.073,0.582,0.585,0.584,0.292,160.6; 80.8,108.0; 5.0,0.0,74.4; 0.7
fingerprint_ten,XofN Jac-max,Org,0.601,0.406,0.054,0.587,0.589,0.589,0.293,154.4; 77.7,108.0; 5.0,0.0,74.4; 1.3
CPI_ten,XofN Jac-max,Ung,0.609,0.397,0.067,0.605,0.612,0.611,0.276,95.4; 48.2,322.0; 5.0,0.0,343.3; 1.0
CPI_ten,XofN Jac-max,Org,0.622,0.392,0.056,0.606,0.609,0.615,0.272,103.4; 52.2,322.0; 5.0,0.0,343.3; 2.7
CPI+fingerprint_ten,XofN Jac-max,Ung,0.612,0.401,0.065,0.574,0.559,0.597,0.276,168.2; 84.6,430.0; 5.0,0.0,506.8; 1.1
CPI+fingerprint_ten,XofN Jac-max,Org,0.613,0.4,0.075,0.585,0.582,0.594,0.284,175.2; 88.1,430.0; 5.0,0.0,506.8; 3.6
fingerprint_ten_mid,XofN Jac-max,Ung,0.585,0.354,0.117,0.331,0.259,0.483,0.343,98.4; 49.7,108.0; 5.0,0.0,75.7; 0.7
fingerprint_ten_mid,XofN Jac-max,Org,0.575,0.368,0.103,0.329,0.267,0.454,0.342,109.6; 55.3,108.0; 5.0,0.0,75.7; 1.3
CPI_ten_mid,XofN Jac-max,Ung,0.581,0.352,0.116,0.32,0.271,0.515,0.372,71.0; 36.0,322.0; 5.0,0.0,349.7; 1.1
CPI_ten_mid,XofN Jac-max,Org,0.593,0.358,0.108,0.383,0.32,0.501,0.368,88.0; 44.5,322.0; 5.0,0.0,349.7; 3.1
CPI+fingerprint_ten_mid,XofN Jac-max,Ung,0.588,0.346,0.127,0.34,0.263,0.505,0.354,91.6; 46.3,430.0; 5.0,0.0,574.4; 1.2
CPI+fingerprint_ten_mid,XofN Jac-max,Org,0.59,0.347,0.128,0.347,0.272,0.501,0.348,109.0; 55.0,430.0; 5.0,0.0,574.4; 4.0
fingerprint_mid_freq,XofN VarRed,Ung,0.599,0.371,0.237,0.431,0.386,0.498,0.256,145.2; 73.1,110.1; 4.9,1.5675348553010051,94.7; 0.7
fingerprint_mid_freq,XofN VarRed,Org,0.601,0.373,0.231,0.435,0.394,0.493,0.257,152.2; 76.6,110.1; 4.9,1.5675348553010051,94.7; 1.3
fingerprint_low_freq,XofN VarRed,Ung,0.529,0.25,0.364,0.076,0.07,0.348,0.291,27.6; 14.3,112.0; 4.8,0.9227180257518056,94.7; 0.7
fingerprint_low_freq,XofN VarRed,Org,0.527,0.25,0.363,0.054,0.071,0.364,0.292,27.2; 14.1,112.0; 4.8,0.9227180257518056,94.7; 1.3
fingerprint_high_freq,XofN VarRed,Ung,0.588,0.223,0.505,0.869,0.956,0.799,0.163,42.4; 21.7,110.9; 4.9,2.051675524225857,94.5; 0.7
fingerprint_high_freq,XofN VarRed,Org,0.582,0.229,0.504,0.865,0.947,0.797,0.164,48.0; 24.5,110.9; 4.9,2.051675524225857,94.5; 1.3
fingerprint_cardiac,XofN VarRed,Ung,0.551,0.272,0.365,0.139,0.132,0.389,0.229,52.2; 26.6,111.0; 4.8,2.565815709519825,94.1; 0.7
fingerprint_cardiac,XofN VarRed,Org,0.545,0.276,0.356,0.135,0.118,0.366,0.226,55.8; 28.4,111.0; 4.8,2.565815709519825,94.1; 1.3
CPI_mid_freq,XofN VarRed,Ung,0.602,0.371,0.237,0.447,0.391,0.532,0.266,95.0; 48.0,335.6; 4.7,33.04464430354028,463.5; 0.9
CPI_mid_freq,XofN VarRed,Org,0.604,0.373,0.237,0.455,0.408,0.529,0.277,112.4; 56.7,335.6; 4.7,33.04464430354028,463.5; 2.5
CPI_low_freq,XofN VarRed,Ung,0.598,0.265,0.337,0.261,0.186,0.485,0.285,42.4; 21.7,331.2; 4.8,2.059205900274492,459.8; 0.9
CPI_low_freq,XofN VarRed,Org,0.599,0.266,0.329,0.263,0.189,0.492,0.281,49.0; 25.0,331.2; 4.8,2.059205900274492,459.8; 2.6
CPI_high_freq,XofN VarRed,Ung,0.564,0.22,0.529,0.873,0.964,0.799,0.158,28.6; 14.8,343.6; 4.6,9.274427105187216,466.8; 0.9
CPI_high_freq,XofN VarRed,Org,0.58,0.228,0.517,0.868,0.956,0.795,0.159,33.8; 17.4,343.6; 4.6,9.274427105187216,466.8; 2.6
CPI_cardiac,XofN VarRed,Ung,0.563,0.279,0.344,0.204,0.171,0.459,0.239,46.0; 23.5,355.6; 4.4,24.99709033250133,464.8; 0.9
CPI_cardiac,XofN VarRed,Org,0.567,0.272,0.346,0.266,0.192,0.495,0.243,57.4; 29.2,355.6; 4.4,24.99709033250133,464.8; 2.6
CPI+fingerprint_mid_freq,XofN VarRed,Ung,0.602,0.365,0.255,0.436,0.389,0.508,0.26,134.4; 67.7,448.3; 4.7,28.59234090578184,719.9; 1.2
CPI+fingerprint_mid_freq,XofN VarRed,Org,0.609,0.353,0.268,0.452,0.403,0.526,0.262,157.6; 79.3,448.3; 4.7,28.59234090578184,719.9; 3.6
CPI+fingerprint_low_freq,XofN VarRed,Ung,0.606,0.248,0.352,0.271,0.197,0.471,0.269,58.8; 29.9,439.4; 4.9,3.038092604510439,710.4; 1.3
CPI+fingerprint_low_freq,XofN VarRed,Org,0.607,0.245,0.357,0.29,0.215,0.484,0.269,61.0; 31.0,439.4; 4.9,3.038092604510439,710.4; 3.9
CPI+fingerprint_high_freq,XofN VarRed,Ung,0.585,0.249,0.482,0.85,0.921,0.79,0.158,64.2; 32.6,455.8; 4.7,8.6335905140877,716.8; 1.3
CPI+fingerprint_high_freq,XofN VarRed,Org,0.59,0.245,0.479,0.852,0.92,0.794,0.162,72.4; 36.7,455.8; 4.7,8.6335905140877,716.8; 3.7
CPI+fingerprint_cardiac,XofN VarRed,Ung,0.591,0.27,0.37,0.28,0.21,0.438,0.229,69.2; 35.1,468.7; 4.5,17.578133610087207,702.6; 1.3
CPI+fingerprint_cardiac,XofN VarRed,Org,0.589,0.272,0.368,0.27,0.201,0.426,0.23,77.4; 39.2,468.7; 4.5,17.578133610087207,702.6; 3.9
fingerprint_ten,XofN VarRed,Ung,0.583,0.42,0.064,0.575,0.584,0.572,0.295,149.4; 75.2,109.8; 4.9,0.9645331526271548,94.2; 0.7
fingerprint_ten,XofN VarRed,Org,0.59,0.42,0.063,0.578,0.587,0.573,0.288,158.4; 79.7,109.8; 4.9,0.9645331526271548,94.2; 1.4
CPI_ten,XofN VarRed,Ung,0.623,0.391,0.081,0.608,0.604,0.623,0.274,88.6; 44.8,331.6; 4.8,6.534038555796087,421.4; 0.9
CPI_ten,XofN VarRed,Org,0.619,0.398,0.07,0.597,0.587,0.619,0.275,102.0; 51.5,331.6; 4.8,6.534038555796087,421.4; 2.5
CPI+fingerprint_ten,XofN VarRed,Ung,0.608,0.399,0.075,0.582,0.575,0.595,0.283,142.8; 71.9,442.5; 4.8,6.098225020556583,712.8; 1.2
CPI+fingerprint_ten,XofN VarRed,Org,0.616,0.397,0.078,0.594,0.598,0.596,0.282,166.8; 83.9,442.5; 4.8,6.098225020556583,712.8; 3.9
fingerprint_ten_mid,XofN VarRed,Ung,0.559,0.366,0.124,0.299,0.233,0.453,0.353,89.4; 45.2,110.8; 4.9,1.479104832104781,96.1; 0.7
fingerprint_ten_mid,XofN VarRed,Org,0.574,0.36,0.114,0.321,0.251,0.474,0.341,95.6; 48.3,110.8; 4.9,1.479104832104781,96.1; 1.3
CPI_ten_mid,XofN VarRed,Ung,0.589,0.354,0.118,0.361,0.286,0.532,0.366,61.0; 31.0,329.6; 4.8,28.885797840903702,429.9; 0.9
CPI_ten_mid,XofN VarRed,Org,0.594,0.351,0.116,0.386,0.313,0.53,0.361,78.4; 39.7,329.6; 4.8,28.885797840903702,429.9; 2.7
CPI+fingerprint_ten_mid,XofN VarRed,Ung,0.593,0.338,0.131,0.349,0.267,0.525,0.346,82.2; 41.6,438.4; 4.8,30.176839797602952,697.8; 1.2
CPI+fingerprint_ten_mid,XofN VarRed,Org,0.602,0.343,0.132,0.36,0.286,0.51,0.346,96.2; 48.6,438.4; 4.8,30.176839797602952,697.8; 3.7
fingerprint_mid_freq,XofN Vouk,Ung,0.565,0.392,0.225,0.373,0.321,0.458,0.27,133.6; 67.3,78.7; 2.8,461.2,4.3; 0.6
fingerprint_mid_freq,XofN Vouk,Org,0.58,0.391,0.215,0.413,0.375,0.465,0.258,172.8; 86.9,78.7; 2.8,461.2,4.3; 1.2
fingerprint_low_freq,XofN Vouk,Ung,0.569,0.254,0.349,0.194,0.135,0.385,0.277,50.0; 25.5,141.9; 3.5,413.1,6.7; 0.8
fingerprint_low_freq,XofN Vouk,Org,0.587,0.256,0.345,0.208,0.153,0.452,0.271,63.0; 32.0,141.9; 3.5,413.1,6.7; 1.5
fingerprint_high_freq,XofN Vouk,Ung,0.565,0.23,0.505,0.866,0.953,0.794,0.161,35.8; 18.4,78.1; 3.1,469.8,4.1; 0.6
fingerprint_high_freq,XofN Vouk,Org,0.565,0.233,0.498,0.863,0.948,0.793,0.162,45.0; 23.0,78.1; 3.1,469.8,4.1; 1.4
fingerprint_cardiac,XofN Vouk,Ung,0.554,0.274,0.348,0.171,0.132,0.391,0.222,46.6; 23.8,78.0; 3.7,446.2,5.7; 0.7
fingerprint_cardiac,XofN Vouk,Org,0.555,0.271,0.355,0.215,0.15,0.423,0.224,54.4; 27.7,78.0; 3.7,446.2,5.7; 1.4
CPI_mid_freq,XofN Vouk,Ung,0.58,0.377,0.249,0.397,0.327,0.527,0.269,77.8; 39.4,140.2; 2.3,1528.5,15.8; 0.8
CPI_mid_freq,XofN Vouk,Org,0.574,0.387,0.236,0.421,0.367,0.509,0.264,119.8; 60.4,140.2; 2.3,1528.5,15.8; 2.6
CPI_low_freq,XofN Vouk,Ung,0.599,0.267,0.312,0.229,0.189,0.472,0.28,53.8; 27.4,393.1; 2.9,1456.7,22.9; 1.2
CPI_low_freq,XofN Vouk,Org,0.598,0.265,0.318,0.279,0.201,0.488,0.281,60.4; 30.7,393.1; 2.9,1456.7,22.9; 3.2
CPI_high_freq,XofN Vouk,Ung,0.535,0.218,0.534,0.875,0.978,0.794,0.164,14.2; 7.6,87.9; 3.2,1551.6,16.3; 0.6
CPI_high_freq,XofN Vouk,Org,0.595,0.223,0.528,0.872,0.968,0.795,0.164,32.0; 16.5,87.9; 3.2,1551.6,16.3; 2.7
CPI_cardiac,XofN Vouk,Ung,0.555,0.282,0.343,0.172,0.138,0.431,0.244,46.2; 23.6,385.2; 2.8,1476.7,26.3; 1.2
CPI_cardiac,XofN Vouk,Org,0.564,0.286,0.341,0.171,0.135,0.41,0.246,53.0; 27.0,385.2; 2.8,1476.7,26.3; 3.4
CPI+fingerprint_mid_freq,XofN Vouk,Ung,0.609,0.355,0.257,0.429,0.368,0.528,0.256,135.6; 68.3,126.0; 2.9,2043.8,16.3; 0.8
CPI+fingerprint_mid_freq,XofN Vouk,Org,0.597,0.366,0.251,0.429,0.377,0.505,0.257,170.2; 85.6,126.0; 2.9,2043.8,16.3; 3.6
CPI+fingerprint_low_freq,XofN Vouk,Ung,0.594,0.251,0.35,0.228,0.16,0.461,0.281,59.8; 30.4,208.5; 3.1,1982.6,18.0; 1.1
CPI+fingerprint_low_freq,XofN Vouk,Org,0.588,0.25,0.347,0.24,0.171,0.463,0.278,69.6; 35.3,208.5; 3.1,1982.6,18.0; 4.2
CPI+fingerprint_high_freq,XofN Vouk,Ung,0.585,0.229,0.495,0.864,0.948,0.795,0.153,41.4; 21.2,72.5; 3.4,2077.3,13.5; 0.7
CPI+fingerprint_high_freq,XofN Vouk,Org,0.585,0.233,0.493,0.86,0.939,0.795,0.155,62.4; 31.7,72.5; 3.4,2077.3,13.5; 3.5
CPI+fingerprint_cardiac,XofN Vouk,Ung,0.576,0.272,0.364,0.231,0.167,0.406,0.231,67.0; 34.0,151.4; 3.2,2018.9,18.8; 1.0
CPI+fingerprint_cardiac,XofN Vouk,Org,0.587,0.266,0.371,0.26,0.189,0.447,0.229,85.0; 43.0,151.4; 3.2,2018.9,18.8; 4.1
fingerprint_ten,XofN Vouk,Ung,0.594,0.412,0.056,0.583,0.591,0.582,0.295,136.4; 68.7,108.9; 2.3,449.0,3.9; 0.7
fingerprint_ten,XofN Vouk,Org,0.597,0.407,0.073,0.58,0.577,0.589,0.29,163.4; 82.2,108.9; 2.3,449.0,3.9; 1.4
CPI_ten,XofN Vouk,Ung,0.612,0.391,0.06,0.601,0.602,0.621,0.277,61.4; 31.2,253.7; 3.4,1509.5,12.7; 0.9
CPI_ten,XofN Vouk,Org,0.599,0.403,0.061,0.583,0.574,0.612,0.281,94.6; 47.8,253.7; 3.4,1509.5,12.7; 2.6
CPI+fingerprint_ten,XofN Vouk,Ung,0.609,0.401,0.061,0.579,0.573,0.595,0.29,139.2; 70.1,124.8; 2.7,2040.4,16.1; 0.8
CPI+fingerprint_ten,XofN Vouk,Org,0.606,0.403,0.073,0.575,0.562,0.593,0.288,170.6; 85.8,124.8; 2.7,2040.4,16.1; 3.8
fingerprint_ten_mid,XofN Vouk,Ung,0.575,0.359,0.116,0.308,0.234,0.473,0.352,80.4; 40.7,152.9; 2.9,408.1,4.5; 0.8
fingerprint_ten_mid,XofN Vouk,Org,0.57,0.369,0.111,0.314,0.252,0.449,0.354,102.8; 51.9,152.9; 2.9,408.1,4.5; 1.4
CPI_ten_mid,XofN Vouk,Ung,0.571,0.355,0.112,0.346,0.266,0.524,0.375,57.6; 29.3,292.6; 2.5,1481.3,14.8; 1.0
CPI_ten_mid,XofN Vouk,Org,0.577,0.359,0.109,0.362,0.289,0.516,0.365,75.2; 38.1,292.6; 2.5,1481.3,14.8; 3.0
CPI+fingerprint_ten_mid,XofN Vouk,Ung,0.597,0.339,0.125,0.357,0.279,0.522,0.345,93.2; 47.1,176.2; 2.9,1997.2,19.4; 0.9
CPI+fingerprint_ten_mid,XofN Vouk,Org,0.593,0.341,0.127,0.349,0.27,0.515,0.35,106.6; 53.8,176.2; 2.9,1997.2,19.4; 3.4
