,pruning,include_original_features,dataset,averageAUROC,HammingLoss,SubsetAccuracy,RankingLoss,MacroPrecision,MacroRecall,MacroFOne,nodes,leaves,groups,avg_group_features,gen_XofN_time,training_time
0,True,with_org,fingerprint_mid_freq,0.56532885,0.390004,0.23363199999999998,0.27459,0.46271500000000004,0.34851200000000004,0.394423,175.4,88.2,108.0,5.0,2.5870004901662468e-05,1.3073412599856966
1,True,no_org,fingerprint_mid_freq,0.57481003,0.389586,0.213198,0.275866,0.462816,0.347901,0.393424,169.0,85.0,108.0,5.0,2.5870004901662468e-05,0.6863966300094034
2,False,with_org,fingerprint_mid_freq,0.56707823,0.42793200000000003,0.12516929999999998,0.26452200000000003,0.43103100000000005,0.50213,0.46208,870.4,435.7,108.0,5.0,2.5870004901662468e-05,1.3073412599856966
3,False,no_org,fingerprint_mid_freq,0.56997907,0.42534700000000003,0.12443390000000001,0.260294,0.43564499999999995,0.507133,0.46699599999999997,882.0,441.5,108.0,5.0,2.5870004901662468e-05,0.6863966300094034
4,True,with_org,fingerprint_low_freq,0.51088261,0.25359,0.361443,0.296178,0.113877,0.0334328,0.0430213,15.4,8.2,108.0,5.0,2.272999263368547e-05,1.302822920010658
5,True,no_org,fingerprint_low_freq,0.50201256,0.243724,0.37433299999999997,0.301604,0.036667,0.0072558,0.0,4.8,2.9,108.0,5.0,2.272999263368547e-05,0.6868661699933
6,False,with_org,fingerprint_low_freq,0.5952684699999999,0.345858,0.182223,0.24863300000000002,0.33620700000000003,0.429188,0.372996,828.6,414.8,108.0,5.0,2.272999263368547e-05,1.302822920010658
7,False,no_org,fingerprint_low_freq,0.58122303,0.34799199999999997,0.189115,0.260934,0.33195600000000003,0.415886,0.364483,848.6,424.8,108.0,5.0,2.272999263368547e-05,0.6868661699933
8,True,no_org,fingerprint_high_freq,0.55383825,0.22757999999999998,0.512925,0.165469,0.7912600000000001,0.96287,0.8678060000000001,36.8,18.9,108.0,5.0,2.294000587426126e-05,0.656762250000611
9,False,no_org,fingerprint_high_freq,0.58102349,0.29039000000000004,0.340429,0.16286899999999999,0.802653,0.8311170000000001,0.815813,607.0,304.0,108.0,5.0,2.294000587426126e-05,0.656762250000611
10,False,with_org,fingerprint_high_freq,0.56336179,0.280424,0.358634,0.164823,0.8002879999999999,0.8507979999999999,0.824166,597.8,299.4,108.0,5.0,2.294000587426126e-05,1.2990507300011813
11,True,with_org,fingerprint_high_freq,0.55404431,0.229616,0.506864,0.166674,0.79268,0.9554959999999999,0.865899,51.8,26.4,108.0,5.0,2.294000587426126e-05,1.2990507300011813
12,True,with_org,fingerprint_cardiac,0.5567504,0.260859,0.370454,0.227279,0.373531,0.0968305,0.11490700000000001,37.0,19.0,108.0,5.0,2.3659999715164304e-05,1.3336630499979947
13,True,no_org,fingerprint_cardiac,0.51704802,0.259722,0.37651500000000004,0.229942,0.118194,0.028188400000000002,0.020222,11.8,6.4,108.0,5.0,2.3659999715164304e-05,0.6758979999984149
14,False,with_org,fingerprint_cardiac,0.57105501,0.36439499999999997,0.1749998,0.21001699999999998,0.32554500000000003,0.412621,0.359942,826.6,413.8,108.0,5.0,2.3659999715164304e-05,1.3336630499979947
15,False,no_org,fingerprint_cardiac,0.56624064,0.36035399999999995,0.1719705,0.224479,0.325588,0.40401600000000004,0.35761699999999996,842.2,421.6,108.0,5.0,2.3659999715164304e-05,0.6758979999984149
16,True,with_org,CPI_mid_freq,0.60557446,0.368027,0.24235199999999998,0.273713,0.537066,0.373624,0.434681,128.4,64.7,322.0,4.990683229813665,6.457999697886407e-05,2.55744352999609
17,True,no_org,CPI_mid_freq,0.59648309,0.374915,0.24237599999999998,0.276103,0.526656,0.37575400000000003,0.432313,114.2,57.6,322.0,4.990683229813665,6.457999697886407e-05,0.8576172399974894
18,False,with_org,CPI_mid_freq,0.58458967,0.41289499999999996,0.1382586,0.260934,0.47161600000000004,0.5171509999999999,0.49073900000000004,729.2,365.1,322.0,4.990683229813665,6.457999697886407e-05,2.55744352999609
19,False,no_org,CPI_mid_freq,0.57728069,0.41607000000000005,0.13196650000000001,0.28348199999999996,0.470692,0.53582,0.49760099999999996,711.0,356.0,322.0,4.990683229813665,6.457999697886407e-05,0.8576172399974894
20,False,with_org,CPI_low_freq,0.60570573,0.33395,0.189616,0.269558,0.379695,0.42492599999999997,0.396938,719.0,360.0,322.0,4.990683229813665,7.204999565146863e-05,2.686299729999155
21,True,with_org,CPI_low_freq,0.6193987599999999,0.254931,0.333622,0.275961,0.529041,0.19156869999999998,0.262445,48.8,24.9,322.0,4.990683229813665,7.204999565146863e-05,2.686299729999155
22,True,no_org,CPI_low_freq,0.59419277,0.266679,0.327389,0.287128,0.47212899999999997,0.1448633,0.180905,42.8,21.9,322.0,4.990683229813665,7.204999565146863e-05,0.8555542399990372
23,False,no_org,CPI_low_freq,0.58605906,0.345575,0.16907999999999998,0.284885,0.359673,0.407523,0.377725,715.2,358.1,322.0,4.990683229813665,7.204999565146863e-05,0.8555542399990372
24,True,no_org,CPI_high_freq,0.51607375,0.21193999999999996,0.54618,0.16300399999999998,0.793589,0.989558,0.879715,9.4,5.2,322.0,4.990683229813665,6.554999854415655e-05,0.8053455999935977
25,False,with_org,CPI_high_freq,0.5614814100000001,0.27169499999999996,0.394305,0.161625,0.797793,0.875901,0.8342269999999999,468.6,234.8,322.0,4.990683229813665,6.554999854415655e-05,2.6341375199961474
26,False,no_org,CPI_high_freq,0.5656656200000001,0.265549,0.394354,0.170889,0.800291,0.882578,0.838438,446.8,223.9,322.0,4.990683229813665,6.554999854415655e-05,0.8053455999935977
27,True,with_org,CPI_high_freq,0.5592045,0.21508500000000003,0.5381039999999999,0.164482,0.794691,0.981123,0.877167,21.8,11.4,322.0,4.990683229813665,6.554999854415655e-05,2.6341375199961474
28,True,with_org,CPI_cardiac,0.57606292,0.283631,0.338393,0.23633600000000002,0.427496,0.179635,0.22825,69.8,35.4,322.0,4.990683229813665,6.82000070810318e-05,2.578385509987129
29,True,no_org,CPI_cardiac,0.55958619,0.28243999999999997,0.34375,0.23612099999999997,0.375238,0.1430362,0.158862,46.4,23.7,322.0,4.990683229813665,6.82000070810318e-05,0.8406517599883955
30,False,with_org,CPI_cardiac,0.58332425,0.349257,0.185713,0.238787,0.364002,0.425791,0.388649,700.6,350.8,322.0,4.990683229813665,6.82000070810318e-05,2.578385509987129
31,False,no_org,CPI_cardiac,0.5495090300000001,0.368154,0.189286,0.247146,0.332041,0.384117,0.351383,695.6,348.3,322.0,4.990683229813665,6.82000070810318e-05,0.8406517599883955
32,False,no_org,CPI+fingerprint_mid_freq,0.58336075,0.41311200000000003,0.136799,0.27336900000000003,0.44442000000000004,0.5144930000000001,0.474649,896.4,448.7,430.0,4.993023255813953,8.599999127909542e-05,1.1515997900103685
33,False,with_org,CPI+fingerprint_mid_freq,0.59553587,0.39804,0.1511361,0.25859,0.462059,0.524823,0.489152,880.6,440.8,430.0,4.993023255813953,8.599999127909542e-05,3.590082950005308
34,True,no_org,CPI+fingerprint_mid_freq,0.5966462299999999,0.36188600000000004,0.24550999999999998,0.270758,0.512886,0.3532,0.41543,155.4,78.2,430.0,4.993023255813953,8.599999127909542e-05,1.1515997900103685
35,True,with_org,CPI+fingerprint_mid_freq,0.60056541,0.359512,0.255552,0.263458,0.519851,0.351998,0.416724,163.8,82.4,430.0,4.993023255813953,8.599999127909542e-05,3.590082950005308
36,True,with_org,CPI+fingerprint_low_freq,0.59536881,0.247235,0.350861,0.27542,0.47234,0.184152,0.255347,72.0,36.5,430.0,4.993023255813953,8.506000158376991e-05,3.923984339996241
37,True,no_org,CPI+fingerprint_low_freq,0.5416036799999999,0.247118,0.363104,0.296488,0.45797699999999997,0.0995952,0.11954400000000001,40.0,20.5,430.0,4.993023255813953,8.506000158376991e-05,1.2066853300086222
38,False,with_org,CPI+fingerprint_low_freq,0.5894249,0.321712,0.19234,0.26018600000000003,0.34804,0.38329399999999997,0.359582,843.8,422.4,430.0,4.993023255813953,8.506000158376991e-05,3.923984339996241
39,False,no_org,CPI+fingerprint_low_freq,0.57406404,0.338855,0.190183,0.261062,0.32355300000000004,0.37809400000000004,0.344422,870.6,435.8,430.0,4.993023255813953,8.506000158376991e-05,1.2066853300086222
40,True,with_org,CPI+fingerprint_high_freq,0.57904793,0.235153,0.49092399999999997,0.154639,0.790977,0.945405,0.8604390000000001,70.8,35.9,430.0,4.993023255813953,8.672999683767557e-05,3.6011704299773557
41,True,no_org,CPI+fingerprint_high_freq,0.5840690900000001,0.228087,0.50244,0.160565,0.79278,0.954152,0.8651220000000001,56.2,28.6,430.0,4.993023255813953,8.672999683767557e-05,1.1562078799935989
42,False,with_org,CPI+fingerprint_high_freq,0.59615485,0.272393,0.369111,0.15420799999999998,0.80539,0.851951,0.827117,608.8,304.9,430.0,4.993023255813953,8.672999683767557e-05,3.6011704299773557
43,False,no_org,CPI+fingerprint_high_freq,0.58489692,0.27001400000000003,0.382863,0.156768,0.8007690000000001,0.8638239999999999,0.8305529999999999,627.8,314.4,430.0,4.993023255813953,8.672999683767557e-05,1.1562078799935989
44,True,no_org,CPI+fingerprint_cardiac,0.5607540099999999,0.263126,0.375807,0.232699,0.426732,0.1204701,0.169728,64.8,32.9,430.0,4.993023255813953,8.907999144867063e-05,1.2074973100039643
45,False,with_org,CPI+fingerprint_cardiac,0.5976877899999999,0.328531,0.229678,0.21908599999999998,0.371568,0.41994299999999996,0.390764,818.4,409.7,430.0,4.993023255813953,8.907999144867063e-05,4.036336610006401
46,True,with_org,CPI+fingerprint_cardiac,0.59105349,0.2636,0.375097,0.222057,0.46282499999999993,0.18132900000000002,0.25492,83.2,42.1,430.0,4.993023255813953,8.907999144867063e-05,4.036336610006401
47,False,no_org,CPI+fingerprint_cardiac,0.55530311,0.36489099999999997,0.1785171,0.226445,0.315606,0.376953,0.340374,850.4,425.7,430.0,4.993023255813953,8.907999144867063e-05,1.2074973100039643
