dataset,label,pruning,include_original_features,averageAUROC,FOne,Precision,Recall,nodes,leaves,#constr_feats,training_time
CPI+fingerprint_cardiac,se_C0003811,False,no_org,0.50309672,0.023454581594116473,0.16666666666666666,0.012730179028132994,6.8,3.9,4.1,0.2552765700151213
CPI+fingerprint_cardiac,se_C0003811,False,with_org,0.56689296,0.3866498538326386,0.3787870794873362,0.4009584823183124,385.4,193.2,4.1,3.0930476800189353
CPI+fingerprint_cardiac,se_C0003811,True,no_org,0.4958207,0.004651162790697674,0.03333333333333333,0.0025,1.6,1.3,4.1,0.2552765700151213
CPI+fingerprint_cardiac,se_C0003811,True,with_org,0.52597514,0.34144413095801723,0.4005151277373681,0.30367610952422436,209.4,105.2,4.1,3.0930476800189353
CPI+fingerprint_cardiac,se_C0016382,False,no_org,0.54575191,0.16992420044941053,0.2772310324881905,0.14065245478036176,86.2,43.6,33.7,0.357659379998222
CPI+fingerprint_cardiac,se_C0016382,False,with_org,0.5544830700000001,0.3883011470569195,0.3637226987413323,0.418099926233789,385.6,193.3,33.7,3.004776819993276
CPI+fingerprint_cardiac,se_C0016382,True,no_org,0.53638925,0.12099385665074283,0.4014576534576534,0.08383969389783344,20.2,10.6,33.7,0.357659379998222
CPI+fingerprint_cardiac,se_C0016382,True,with_org,0.53517707,0.35063136515825827,0.38890486964016374,0.32033641900488186,228.0,114.5,33.7,3.004776819993276
CPI+fingerprint_cardiac,se_C0018790,False,no_org,0.53319126,0.05178519611162161,0.11225490196078432,0.04607142857142857,41.8,21.4,33.7,0.33423776997951793
CPI+fingerprint_cardiac,se_C0018790,False,with_org,0.58545678,0.2954852276973292,0.2677976084285382,0.3353286276821746,281.6,141.3,33.7,3.114782609953545
CPI+fingerprint_cardiac,se_C0018790,True,no_org,0.51183612,0.029629629629629627,0.06666666666666667,0.020833333333333332,9.2,5.1,33.7,0.33423776997951793
CPI+fingerprint_cardiac,se_C0018790,True,with_org,0.54031613,0.2701038610750551,0.3411527149321267,0.23060077032044995,117.6,59.3,33.7,3.114782609953545
CPI+fingerprint_cardiac,se_C0018799,False,no_org,0.58974894,0.07723538056334235,0.18833333333333332,0.05206694033394932,41.4,21.2,15.0,0.30705008999211714
CPI+fingerprint_cardiac,se_C0018799,False,with_org,0.5509381999999999,0.37762985421044853,0.37214394326657235,0.386265018655173,375.4,188.2,15.0,2.7275560999754815
CPI+fingerprint_cardiac,se_C0018799,True,no_org,0.51375251,0.03246289424860853,0.11047619047619046,0.01921611721611722,4.6,2.8,15.0,0.30705008999211714
CPI+fingerprint_cardiac,se_C0018799,True,with_org,0.5492433099999999,0.3453482425946774,0.38624457520088457,0.3152399057341739,235.6,118.3,15.0,2.7275560999754815
CPI+fingerprint_cardiac,se_C0027051,False,no_org,0.57757731,0.06110070257611242,0.13235632183908047,0.04680523255813954,41.8,21.4,17.7,0.3106505899922922
CPI+fingerprint_cardiac,se_C0027051,False,with_org,0.61678866,0.39857387010736234,0.37278825428675166,0.4382458520331838,331.8,166.4,17.7,2.781153379986063
CPI+fingerprint_cardiac,se_C0027051,True,no_org,0.5036507,0.0058823529411764705,0.05,0.003125,2.4,1.7,17.7,0.3106505899922922
CPI+fingerprint_cardiac,se_C0027051,True,with_org,0.59747978,0.36924438150269806,0.41633908441436257,0.34245083639330887,186.4,93.7,17.7,2.781153379986063
CPI+fingerprint_cardiac,se_C0428977,False,no_org,0.54408252,0.017142857142857144,0.07333333333333333,0.009791666666666667,10.4,5.7,5.5,0.2637857300112955
CPI+fingerprint_cardiac,se_C0428977,False,with_org,0.64989785,0.45749302897440236,0.4243824190335818,0.5015878091640287,341.0,171.0,5.5,3.0070595000055618
CPI+fingerprint_cardiac,se_C0428977,True,no_org,0.5,0.0,0.0,0.0,1.0,1.0,5.5,0.2637857300112955
CPI+fingerprint_cardiac,se_C0428977,True,with_org,0.6351290599999999,0.44866639645949996,0.50520142167201,0.4066324003527148,178.8,89.9,5.5,3.0070595000055618
CPI+fingerprint_high_freq,se_C0011603,False,no_org,0.5281008700000001,0.8615704680678731,0.7738097768800467,0.9736093849430866,8.6,4.8,4.7,0.2611870499909855
CPI+fingerprint_high_freq,se_C0011603,False,with_org,0.58049837,0.793778096719172,0.7883627821921366,0.8024593905635949,320.2,160.6,4.7,2.738598969986197
CPI+fingerprint_high_freq,se_C0011603,True,no_org,0.53060207,0.8620541175311244,0.7722700071249461,0.9774875991315195,4.6,2.8,4.7,0.2611870499909855
CPI+fingerprint_high_freq,se_C0011603,True,with_org,0.56172984,0.7960115185984838,0.7854316977954733,0.8102978644212075,202.6,101.8,4.7,2.738598969986197
CPI+fingerprint_high_freq,se_C0012833,False,no_org,0.5918566199999999,0.824506743285335,0.7381707375759224,0.9405799785608471,30.4,15.7,14.3,0.30151615001959725
CPI+fingerprint_high_freq,se_C0012833,False,with_org,0.60365351,0.7876344594247088,0.7740068324669612,0.8049330954730406,336.0,168.5,14.3,2.725692130008247
CPI+fingerprint_high_freq,se_C0012833,True,no_org,0.5444692,0.8290174920685713,0.734044226841666,0.9594295419452472,7.2,4.1,14.3,0.30151615001959725
CPI+fingerprint_high_freq,se_C0012833,True,with_org,0.6051850400000001,0.7853230198641189,0.7738035799943151,0.8007112444312657,228.2,114.6,14.3,2.725692130008247
CPI+fingerprint_high_freq,se_C0015230,False,no_org,0.5663510300000001,0.8562480264678607,0.7696542533408824,0.9675849429645929,19.6,10.3,9.2,0.2859519300283864
CPI+fingerprint_high_freq,se_C0015230,False,with_org,0.5586648999999999,0.785526345005274,0.7792660678757719,0.7930414017142413,325.4,163.2,9.2,2.7285081600071863
CPI+fingerprint_high_freq,se_C0015230,True,no_org,0.53250895,0.8611981571556061,0.7639013664738665,0.9886498683773443,3.4,2.2,9.2,0.2859519300283864
CPI+fingerprint_high_freq,se_C0015230,True,with_org,0.5771661100000001,0.7881325447032438,0.7827910796722455,0.7948305498644853,221.8,111.4,9.2,2.7285081600071863
CPI+fingerprint_high_freq,se_C0018681,False,no_org,0.57665257,0.8754142418110498,0.8034694835849965,0.963366230015887,10.2,5.6,5.3,0.27398449000902475
CPI+fingerprint_high_freq,se_C0018681,False,with_org,0.55304999,0.8244778796041036,0.8063255407855492,0.8451750737287395,296.0,148.5,5.3,2.8332529299892486
CPI+fingerprint_high_freq,se_C0018681,True,no_org,0.54347156,0.8746310806607808,0.8005808438859641,0.9647219204612622,3.6,2.3,5.3,0.27398449000902475
CPI+fingerprint_high_freq,se_C0018681,True,with_org,0.56970393,0.8385759457729869,0.809313245283785,0.8720918194551122,160.6,80.8,5.3,2.8332529299892486
CPI+fingerprint_high_freq,se_C0027497,False,no_org,0.5750270399999999,0.9104191993058135,0.8476217451727054,0.9854401851558512,32.6,16.8,21.7,0.3304885700112209
CPI+fingerprint_high_freq,se_C0027497,False,with_org,0.6110424,0.8735746471370168,0.8625399275691032,0.8878751356612657,225.4,113.2,21.7,2.7590820100158453
CPI+fingerprint_high_freq,se_C0027497,True,no_org,0.51699227,0.9143537537312032,0.8465365257201354,0.9957264957264957,3.4,2.2,21.7,0.3304885700112209
CPI+fingerprint_high_freq,se_C0027497,True,with_org,0.60847717,0.8883287619069927,0.8626625971629525,0.9188163721586644,105.4,53.2,21.7,2.7590820100158453
CPI+fingerprint_high_freq,se_C0042963,False,no_org,0.57985181,0.858920753277457,0.7690691386279195,0.9737429515094849,11.6,6.3,7.3,0.2746877999859862
CPI+fingerprint_high_freq,se_C0042963,False,with_org,0.60367954,0.8081270347374698,0.7934351758530018,0.8239529252323345,296.6,148.8,7.3,2.684288849972654
CPI+fingerprint_high_freq,se_C0042963,True,no_org,0.52420113,0.8631415435948684,0.763969722246455,0.9933499361430396,2.6,1.8,7.3,0.2746877999859862
CPI+fingerprint_high_freq,se_C0042963,True,with_org,0.59531478,0.8187570578038137,0.7943454420032108,0.8450665973437065,186.2,93.6,7.3,2.684288849972654
CPI+fingerprint_low_freq,se_C0011570,False,no_org,0.54713608,0.099437841150059,0.17412698412698413,0.08441119537245792,63.4,32.2,189.0,0.5443311800248921
CPI+fingerprint_low_freq,se_C0011570,False,with_org,0.5965905699999999,0.3682061138377382,0.36049603174603173,0.38432346681069524,323.8,162.4,189.0,3.1303690500091763
CPI+fingerprint_low_freq,se_C0011570,True,no_org,0.50424748,0.06794258373205742,0.11000000000000001,0.05380952380952381,23.4,12.2,189.0,0.5443311800248921
CPI+fingerprint_low_freq,se_C0011570,True,with_org,0.55914412,0.35735954988663876,0.4187031646514405,0.31868068198722815,180.0,90.5,189.0,3.1303690500091763
CPI+fingerprint_low_freq,se_C0018524,False,no_org,0.56322984,0.12590034962374874,0.4279761904761905,0.07492925711010817,11.4,6.2,4.5,0.26272130000870675
CPI+fingerprint_low_freq,se_C0018524,False,with_org,0.62608257,0.44384532536812255,0.42829905614005953,0.4711899512826074,327.8,164.4,4.5,3.1007885500090198
CPI+fingerprint_low_freq,se_C0018524,True,no_org,0.55985003,0.12416312109406738,0.4238095238095238,0.07335321298087255,5.4,3.2,4.5,0.26272130000870675
CPI+fingerprint_low_freq,se_C0018524,True,with_org,0.61746788,0.4302164640349056,0.48246915293076426,0.3950917020649347,165.2,83.1,4.5,3.1007885500090198
CPI+fingerprint_low_freq,se_C0020580,False,no_org,0.54653079,0.2509458016468323,0.3053035928207553,0.2384533317722973,212.6,106.8,320.1,0.8366273200022988
CPI+fingerprint_low_freq,se_C0020580,False,with_org,0.60694578,0.4041881272243085,0.3824158031906475,0.43857387835836115,348.8,174.9,320.1,3.4920635599875824
CPI+fingerprint_low_freq,se_C0020580,True,no_org,0.55880039,0.2467606170827689,0.410157616892911,0.19280171424567977,74.0,37.5,320.1,0.8366273200022988
CPI+fingerprint_low_freq,se_C0020580,True,with_org,0.5963980400000001,0.4130248876328702,0.46971418697450673,0.37811084690395036,177.8,89.4,320.1,3.4920635599875824
CPI+fingerprint_low_freq,se_C0031117,False,no_org,0.540511,0.06209974236290026,0.19603174603174606,0.03840964590964591,12.2,6.6,5.5,0.2665198600036092
CPI+fingerprint_low_freq,se_C0031117,False,with_org,0.59794094,0.39226166259528356,0.37489272217432135,0.4233451901200757,338.6,169.8,5.5,3.1118911799974738
CPI+fingerprint_low_freq,se_C0031117,True,no_org,0.5075000000000001,0.00909090909090909,0.05,0.005,1.6,1.3,5.5,0.2665198600036092
CPI+fingerprint_low_freq,se_C0031117,True,with_org,0.5941281,0.3734851949531044,0.4382817073606054,0.33346556920069503,178.8,89.9,5.5,3.1118911799974738
CPI+fingerprint_low_freq,se_C0035078,False,no_org,0.56216405,0.11663816511692013,0.37934173669467786,0.07614627457369393,51.6,26.3,13.8,0.3075172299868427
CPI+fingerprint_low_freq,se_C0035078,False,with_org,0.62431962,0.42876448559833646,0.42007459228521843,0.44981787088281144,315.0,158.0,13.8,2.9734714600024743
CPI+fingerprint_low_freq,se_C0035078,True,no_org,0.52129395,0.05318517848533706,0.33333333333333337,0.030140392015392016,5.4,3.2,13.8,0.3075172299868427
CPI+fingerprint_low_freq,se_C0035078,True,with_org,0.61662962,0.40102818958452247,0.47545798740026246,0.3526881653057375,177.4,89.2,13.8,2.9734714600024743
CPI+fingerprint_low_freq,se_C0267792,False,no_org,0.56492847,0.10616368581330837,0.17023809523809524,0.08690663519538422,46.4,23.7,16.8,0.3111620899988338
CPI+fingerprint_low_freq,se_C0267792,False,with_org,0.5876715100000001,0.37627689281952786,0.35907361560635814,0.40337480492862643,330.8,165.9,16.8,2.828633779997472
CPI+fingerprint_low_freq,se_C0267792,True,no_org,0.54295279,0.06255050505050505,0.10710622710622711,0.045127196433254656,8.6,4.8,16.8,0.3111620899988338
CPI+fingerprint_low_freq,se_C0267792,True,with_org,0.56798921,0.3549507686108838,0.40380051570853226,0.3231551890068989,201.2,101.1,16.8,2.828633779997472
CPI+fingerprint_mid_freq,se_C0003467,False,no_org,0.57698998,0.28319145240225296,0.4770875532760779,0.23128278754388884,89.6,45.3,156.7,0.5333512899815105
CPI+fingerprint_mid_freq,se_C0003467,False,with_org,0.57982182,0.4914489003688656,0.46475882740104923,0.5238520612643327,408.4,204.7,156.7,3.02484112001257
CPI+fingerprint_mid_freq,se_C0003467,True,no_org,0.54260286,0.17446922876716742,0.40081418648964284,0.1362611131289248,32.0,16.5,156.7,0.5333512899815105
CPI+fingerprint_mid_freq,se_C0003467,True,with_org,0.59418536,0.4735879904875908,0.4899690234134434,0.4609301144417546,276.8,138.9,156.7,3.02484112001257
CPI+fingerprint_mid_freq,se_C0008031,False,no_org,0.5157421857142858,0.25977467781286084,0.388384715588363,0.22702791724183544,101.57142857142857,51.285714285714285,55.0,0.38258291428376523
CPI+fingerprint_mid_freq,se_C0008031,False,with_org,0.5492034571428571,0.45551092156595285,0.4425816794968737,0.4746390869915264,435.57142857142856,218.28571428571428,55.0,2.8834701428422704
CPI+fingerprint_mid_freq,se_C0008031,True,no_org,0.5222770285714285,0.20065028368156726,0.3670377241805813,0.1587922299872297,39.0,20.0,55.0,0.38258291428376523
CPI+fingerprint_mid_freq,se_C0008031,True,with_org,0.5392199857142856,0.43434980554471775,0.4629390833546224,0.4166286032719439,292.7142857142857,146.85714285714286,55.0,2.8834701428422704
CPI+fingerprint_mid_freq,se_C0020538,False,no_org,0.5390855,0.1292202305526391,0.3006581653640477,0.0833274461149224,8.4,4.7,4.6,0.2634887900087051
CPI+fingerprint_mid_freq,se_C0020538,False,with_org,0.59738618,0.5177662642059264,0.49153127168067934,0.5504612747500269,430.0,215.5,4.6,2.7229369399836285
CPI+fingerprint_mid_freq,se_C0020538,True,no_org,0.51140635,0.07693572181243413,0.175743006993007,0.050253004427577484,2.2,1.6,4.6,0.2634887900087051
CPI+fingerprint_mid_freq,se_C0020538,True,with_org,0.58870548,0.49194999935527994,0.5099994629717968,0.47680026606035897,291.4,146.2,4.6,2.7229369399836285
CPI+fingerprint_mid_freq,se_C0027769,False,no_org,0.55775843,0.054283078078058364,0.12250000000000001,0.03648302148302148,19.8,10.4,18.0,0.2978939300053753
CPI+fingerprint_mid_freq,se_C0027769,False,with_org,0.57569453,0.4253000810973793,0.4085978287076948,0.4518033138033138,379.8,190.4,18.0,2.810153570014518
CPI+fingerprint_mid_freq,se_C0027769,True,no_org,0.51798564,0.04537435860697943,0.11944444444444444,0.028918918918918922,3.2,2.1,18.0,0.2978939300053753
CPI+fingerprint_mid_freq,se_C0027769,True,with_org,0.58827375,0.40517636554116454,0.4461798848867814,0.3788942646660038,242.2,121.6,18.0,2.810153570014518
CPI+fingerprint_mid_freq,se_C0030252,False,no_org,0.64307042,0.3864235142620688,0.510691856452726,0.3459536116861311,58.6,29.8,27.3,0.3309333700221032
CPI+fingerprint_mid_freq,se_C0030252,False,with_org,0.63743544,0.5327938066727236,0.5152344721357605,0.5556159511568184,379.0,190.0,27.3,2.7958103099954315
CPI+fingerprint_mid_freq,se_C0030252,True,no_org,0.61235697,0.33152669461951323,0.4752430857400432,0.2920198576857844,10.8,5.9,27.3,0.3309333700221032
CPI+fingerprint_mid_freq,se_C0030252,True,with_org,0.63823251,0.5288459479199579,0.5718447052490098,0.49543277516838635,242.0,121.5,27.3,2.7958103099954315
CPI+fingerprint_mid_freq,se_C0036572,False,no_org,0.59546027,0.32470803106022555,0.48026852797510167,0.2572052245872052,62.2,31.6,10.9,0.30150398999685424
CPI+fingerprint_mid_freq,se_C0036572,False,with_org,0.59256567,0.4866697073248732,0.4661963755264498,0.5131943492464695,390.8,195.9,10.9,2.843456380011048
CPI+fingerprint_mid_freq,se_C0036572,True,no_org,0.56715737,0.2738194977739111,0.49763843113741696,0.19718815394624595,18.0,9.5,10.9,0.30150398999685424
CPI+fingerprint_mid_freq,se_C0036572,True,with_org,0.57918952,0.46166632053269757,0.48385999681030734,0.4484756657998285,265.6,133.3,10.9,2.843456380011048
CPI_cardiac,se_C0003811,False,no_org,0.5722923,0.42360653895627165,0.4273308242908823,0.42829630767130766,249.4,125.2,2304.2,2.5137414800003173
CPI_cardiac,se_C0003811,False,with_org,0.5688719499999999,0.43999297826622225,0.41822652450652054,0.46918697106197105,309.8,155.4,2304.2,4.431295790011063
CPI_cardiac,se_C0003811,True,no_org,0.5733530499999999,0.37367723280558873,0.44346362503651504,0.3298426386913229,136.4,68.7,2304.2,2.5137414800003173
CPI_cardiac,se_C0003811,True,with_org,0.5586499899999999,0.3891019791477256,0.44611324263498175,0.3485594116844117,158.0,79.5,2304.2,4.431295790011063
CPI_cardiac,se_C0016382,False,no_org,0.5854447300000001,0.400388509863851,0.4427105302105302,0.3678626784721986,234.4,117.7,2867.6,3.084979409980588
CPI_cardiac,se_C0016382,False,with_org,0.55233357,0.40920841743437314,0.40370157031594867,0.4219073844112544,316.8,158.9,2867.6,5.468645030003972
CPI_cardiac,se_C0016382,True,no_org,0.5544447,0.3636647876092728,0.5015093729799612,0.28806879330679636,109.6,55.3,2867.6,3.084979409980588
CPI_cardiac,se_C0016382,True,with_org,0.54988777,0.3706523793788862,0.4497355912061794,0.3181525859331587,148.0,74.5,2867.6,5.468645030003972
CPI_cardiac,se_C0018790,False,no_org,0.5337672,0.2892837608070275,0.30049469049469046,0.2915761389341279,158.0,79.5,1429.6,1.6696111100143753
CPI_cardiac,se_C0018790,False,with_org,0.5445089000000001,0.2739961621184117,0.26537828592975654,0.30149567842157693,220.8,110.9,1429.6,3.5225419600261376
CPI_cardiac,se_C0018790,True,no_org,0.54180184,0.2745038089865676,0.3398711664152841,0.24169382712305718,75.2,38.1,1429.6,1.6696111100143753
CPI_cardiac,se_C0018790,True,with_org,0.54456945,0.27600434478146846,0.34712349054454317,0.23886886682737404,89.4,45.2,1429.6,3.5225419600261376
CPI_cardiac,se_C0018799,False,no_org,0.5736214000000001,0.3791951715818932,0.4406662740747237,0.3412964650196014,217.6,109.3,2024.1,2.241186629992444
CPI_cardiac,se_C0018799,False,with_org,0.52918471,0.3648612550042848,0.35391437368517165,0.38303711228861176,322.6,161.8,2024.1,4.137068860023282
CPI_cardiac,se_C0018799,True,no_org,0.5710209199999999,0.3292469230237651,0.4502087597289369,0.265076660801839,110.8,55.9,2024.1,2.241186629992444
CPI_cardiac,se_C0018799,True,with_org,0.53026598,0.3369673019655174,0.39347011179838504,0.3006018984151316,157.0,79.0,2024.1,4.137068860023282
CPI_cardiac,se_C0027051,False,no_org,0.59733209,0.3540316826563997,0.38032599771542797,0.33457447435047544,188.8,94.9,2456.3,2.7249531999928878
CPI_cardiac,se_C0027051,False,with_org,0.59648809,0.3956977724388269,0.3765636976307458,0.424136604270364,281.6,141.3,2456.3,4.85161752999993
CPI_cardiac,se_C0027051,True,no_org,0.58783781,0.3547379115881323,0.4467658618471312,0.3006745855851807,105.8,53.4,2456.3,2.7249531999928878
CPI_cardiac,se_C0027051,True,with_org,0.58252083,0.3670689284803534,0.4492068758853656,0.31685374836612323,115.2,58.1,2456.3,4.85161752999993
CPI_cardiac,se_C0428977,False,no_org,0.61703443,0.42114218338243836,0.43691762930708167,0.41387186010030835,200.4,100.7,1838.5,2.0648445999831893
CPI_cardiac,se_C0428977,False,with_org,0.6006414099999999,0.4222752150287624,0.39043460601572555,0.46307450881512746,281.2,141.1,1838.5,4.029081559984479
CPI_cardiac,se_C0428977,True,no_org,0.61888036,0.43292172644691024,0.5107915518738948,0.3838959930836199,105.4,53.2,1838.5,2.0648445999831893
CPI_cardiac,se_C0428977,True,with_org,0.5815488799999999,0.41254382082479485,0.49375884540072185,0.35642038456059755,120.4,60.7,1838.5,4.029081559984479
CPI_high_freq,se_C0011603,False,no_org,0.55435529,0.8331699779617716,0.7801417425555036,0.8969990981074043,134.0,67.5,1934.1,2.137720970006194
CPI_high_freq,se_C0011603,False,with_org,0.5653348300000001,0.8152837765621989,0.7850190243035745,0.8515866591136281,198.0,99.5,1934.1,3.932548020000104
CPI_high_freq,se_C0011603,True,no_org,0.57636416,0.8450246128576475,0.7856185489489494,0.9167048063670198,65.8,33.4,1934.1,2.137720970006194
CPI_high_freq,se_C0011603,True,with_org,0.55509915,0.8287672678964793,0.7827154759686128,0.8833878710654574,101.0,51.0,1934.1,3.932548020000104
CPI_high_freq,se_C0012833,False,no_org,0.63920708,0.8301330813735547,0.7693047523065333,0.9027766453380812,120.0,60.5,1650.1,1.8404120500199497
CPI_high_freq,se_C0012833,False,with_org,0.5872845200000001,0.8029820107424899,0.7710097101445884,0.8398751536071266,256.4,128.7,1650.1,3.7136876800097527
CPI_high_freq,se_C0012833,True,no_org,0.61652477,0.8310835422585996,0.764017938350601,0.9121552174195029,56.0,28.5,1650.1,1.8404120500199497
CPI_high_freq,se_C0012833,True,with_org,0.5989067,0.817907730115144,0.767822236250433,0.8761902821191138,102.2,51.6,1650.1,3.7136876800097527
CPI_high_freq,se_C0015230,False,no_org,0.59298516,0.8385044794211334,0.7817083262174611,0.9069147109306306,124.0,62.5,1519.5,1.7224657899700104
CPI_high_freq,se_C0015230,False,with_org,0.54991042,0.8074021294379404,0.7787333251479442,0.8407489704656399,203.0,102.0,1519.5,3.447681449993979
CPI_high_freq,se_C0015230,True,no_org,0.58924524,0.8391650408162649,0.7768685369076533,0.9147744998830968,62.8,31.9,1519.5,1.7224657899700104
CPI_high_freq,se_C0015230,True,with_org,0.5775067899999999,0.8204609380644342,0.7787928386751705,0.8699763079942159,101.2,51.1,1519.5,3.447681449993979
CPI_high_freq,se_C0018681,False,no_org,0.55952945,0.8447308270433563,0.801470580060576,0.8938870044014445,119.0,60.0,1704.3,1.933774689969141
CPI_high_freq,se_C0018681,False,with_org,0.5572016,0.8352457122594256,0.8060163506608256,0.8680243084612129,183.6,92.3,1704.3,3.7798211699933746
CPI_high_freq,se_C0018681,True,no_org,0.57513895,0.8583577553121469,0.8043629484591346,0.9206543712746458,49.0,25.0,1704.3,1.933774689969141
CPI_high_freq,se_C0018681,True,with_org,0.57198204,0.858749399639167,0.8086400386887711,0.9166315948177406,77.4,39.2,1704.3,3.7798211699933746
CPI_high_freq,se_C0027497,False,no_org,0.57277557,0.9010613355655247,0.870126648541568,0.935406639920771,87.4,44.2,900.5,1.129728920001071
CPI_high_freq,se_C0027497,False,with_org,0.59202054,0.8935522600108031,0.8669942376148605,0.9231863495248185,121.8,61.4,900.5,2.9002686099964192
CPI_high_freq,se_C0027497,True,no_org,0.55548005,0.9078902078069252,0.8652360908761512,0.9561705264189839,30.4,15.7,900.5,1.129728920001071
CPI_high_freq,se_C0027497,True,with_org,0.5769082400000001,0.8972107727359079,0.8656420774668522,0.9324003870728316,53.4,27.2,900.5,2.9002686099964192
CPI_high_freq,se_C0042963,False,no_org,0.61348111,0.8553082053494065,0.7993401718109855,0.9214793354622974,113.2,57.1,1355.1,1.5365393900079654
CPI_high_freq,se_C0042963,False,with_org,0.5855290400000001,0.8320900831080312,0.7990944893653801,0.8697834727672966,223.2,112.1,1355.1,3.2811740000150165
CPI_high_freq,se_C0042963,True,no_org,0.60312002,0.8590138340590888,0.7963050734236197,0.9337759057744304,50.0,25.5,1355.1,1.5365393900079654
CPI_high_freq,se_C0042963,True,with_org,0.6012019900000001,0.8467199222977584,0.7981943893394455,0.9029954988642791,83.0,42.0,1355.1,3.2811740000150165
CPI_low_freq,se_C0011570,False,no_org,0.56120677,0.3341765901950149,0.3542252465701531,0.3266313111881504,207.2,104.1,2123.3,2.3263424899894742
CPI_low_freq,se_C0011570,False,with_org,0.53849393,0.3406041402259422,0.3198055285163919,0.36747954908529035,307.2,154.1,2123.3,4.322614990011789
CPI_low_freq,se_C0011570,True,no_org,0.53504163,0.2782041986968626,0.375726911976912,0.22769489032034232,98.4,49.7,2123.3,2.3263424899894742
CPI_low_freq,se_C0011570,True,with_org,0.53742709,0.2903193834890086,0.3599965742717123,0.2507269018817656,126.6,63.8,2123.3,4.322614990011789
CPI_low_freq,se_C0018524,False,no_org,0.62734458,0.43805181071555904,0.45720132326590485,0.42605631359148344,182.2,91.6,1520.5,1.7482591100037097
CPI_low_freq,se_C0018524,False,with_org,0.62771235,0.44129080220060823,0.42348020239830586,0.4659139213712923,261.0,131.0,1520.5,3.4709145499859004
CPI_low_freq,se_C0018524,True,no_org,0.64600914,0.4041375507919372,0.5058432358685421,0.33978643084397847,88.0,44.5,1520.5,1.7482591100037097
CPI_low_freq,se_C0018524,True,with_org,0.6345814,0.4223664380831855,0.497978936044288,0.36822167519641835,112.4,56.7,1520.5,3.4709145499859004
CPI_low_freq,se_C0020580,False,no_org,0.5800880700000001,0.38916353212811294,0.4150377196333078,0.3713166525416247,205.4,103.2,2469.0,2.6910287500009873
CPI_low_freq,se_C0020580,False,with_org,0.5433018300000001,0.37454856788780155,0.3630380307952348,0.3932470749392329,296.4,148.7,2469.0,4.69406561999349
CPI_low_freq,se_C0020580,True,no_org,0.56267071,0.3472239200487647,0.46133214824391294,0.2868144903802579,101.8,51.4,2469.0,2.6910287500009873
CPI_low_freq,se_C0020580,True,with_org,0.55077308,0.3435804960235014,0.4382744080538198,0.290184997586972,118.6,59.8,2469.0,4.69406561999349
CPI_low_freq,se_C0031117,False,no_org,0.5815078,0.35932372698670534,0.39030862785784665,0.34184927284927286,188.4,94.7,1706.3,1.9632479299907573
CPI_low_freq,se_C0031117,False,with_org,0.55726695,0.35874653577574045,0.3478450915592553,0.38454682854682853,297.4,149.2,1706.3,3.90241103998851
CPI_low_freq,se_C0031117,True,no_org,0.60093223,0.3424943898269802,0.44275157334752535,0.2900897770897771,91.4,46.2,1706.3,1.9632479299907573
CPI_low_freq,se_C0031117,True,with_org,0.58763208,0.33957179102756313,0.4248245122678929,0.2946454376454376,118.4,59.7,1706.3,3.90241103998851
CPI_low_freq,se_C0035078,False,no_org,0.5681140499999999,0.34631531437863716,0.3735752535710005,0.3312763689013689,183.2,92.1,2398.2,2.6231120700133035
CPI_low_freq,se_C0035078,False,with_org,0.581042,0.4012665582875754,0.3686644383545912,0.4539225150475151,282.0,141.5,2398.2,4.847167420014739
CPI_low_freq,se_C0035078,True,no_org,0.57715679,0.3480986482844068,0.45850684403315983,0.2894103632853633,86.0,43.5,2398.2,2.6231120700133035
CPI_low_freq,se_C0035078,True,with_org,0.57401833,0.36498849525002325,0.45817612942612945,0.31677694577694576,108.2,54.6,2398.2,4.847167420014739
CPI_low_freq,se_C0267792,False,no_org,0.57561456,0.32833898079517954,0.3646593588739451,0.3043413126728344,194.2,97.6,1918.9,2.158150840015151
CPI_low_freq,se_C0267792,False,with_org,0.54737658,0.3577821337328313,0.3484386379508884,0.37854810045027437,292.2,146.6,1918.9,4.100003490014933
CPI_low_freq,se_C0267792,True,no_org,0.55889605,0.300763988164878,0.39402955919209787,0.2459462910278128,105.0,53.0,1918.9,2.158150840015151
CPI_low_freq,se_C0267792,True,with_org,0.57365325,0.3145418264578197,0.38121951491920536,0.27498386577190925,124.2,62.6,1918.9,4.100003490014933
CPI_mid_freq,se_C0003467,False,no_org,0.6048106900000001,0.5026077453300617,0.5364663274686158,0.47615317157183157,223.0,112.0,2691.0,2.8227526099886746
CPI_mid_freq,se_C0003467,False,with_org,0.59737124,0.5175988329141739,0.49982120887803105,0.5391167417446656,328.8,164.9,2691.0,4.9170582400052805
CPI_mid_freq,se_C0003467,True,no_org,0.60496369,0.49802463859061274,0.5864962644805444,0.43507148679257834,130.6,65.8,2691.0,2.8227526099886746
CPI_mid_freq,se_C0003467,True,with_org,0.61540996,0.5295993317081982,0.581342813341713,0.4892938510324528,176.8,88.9,2691.0,4.9170582400052805
CPI_mid_freq,se_C0008031,False,no_org,0.58917866,0.5062102888156385,0.5445339428988516,0.4767777527179713,224.4,112.7,2690.0,2.832477279996965
CPI_mid_freq,se_C0008031,False,with_org,0.5951399,0.5140017865908184,0.5022768013083605,0.5293520013393085,352.6,176.8,2690.0,4.865071299974806
CPI_mid_freq,se_C0008031,True,no_org,0.59163633,0.4621154401187617,0.5525169675169674,0.4024969314816709,121.2,61.1,2690.0,2.832477279996965
CPI_mid_freq,se_C0008031,True,with_org,0.58530347,0.4818678157575329,0.5443181618359103,0.43497611456272534,165.4,83.2,2690.0,4.865071299974806
CPI_mid_freq,se_C0020538,False,no_org,0.59725843,0.47480021885707463,0.5161912443386618,0.44448956725203415,225.4,113.2,2371.5,2.527519099996425
CPI_mid_freq,se_C0020538,False,with_org,0.6058532999999999,0.5224332473434798,0.5112114941115343,0.5373217890000401,359.2,180.1,2371.5,4.598301580024417
CPI_mid_freq,se_C0020538,True,no_org,0.59577033,0.4554200870596482,0.5467755108949218,0.39757140471665653,116.6,58.8,2371.5,2.527519099996425
CPI_mid_freq,se_C0020538,True,with_org,0.60676032,0.49084468408584103,0.5511486127342458,0.44662980546113895,166.4,83.7,2371.5,4.598301580024417
CPI_mid_freq,se_C0027769,False,no_org,0.57328783,0.4143156991393588,0.46035138563004513,0.3879899088774522,222.4,111.7,1633.5,1.8198736199876293
CPI_mid_freq,se_C0027769,False,with_org,0.56717185,0.4525067033840716,0.42854543349504154,0.487294719023818,336.6,168.8,1633.5,3.5725445400108584
CPI_mid_freq,se_C0027769,True,no_org,0.58601529,0.41283600069225895,0.5052563555719108,0.35667249744105983,111.8,56.4,1633.5,1.8198736199876293
CPI_mid_freq,se_C0027769,True,with_org,0.5621251199999999,0.39702624934693154,0.48300889247499434,0.34106182441703636,147.0,74.0,1633.5,3.5725445400108584
CPI_mid_freq,se_C0030252,False,no_org,0.65552938,0.5523839671472242,0.5812670727205611,0.5337432390576946,203.2,102.1,1826.1,2.005489080026746
CPI_mid_freq,se_C0030252,False,with_org,0.64416231,0.5515150058893818,0.530660737181635,0.581565509455641,309.6,155.3,1826.1,3.8765446199686266
CPI_mid_freq,se_C0030252,True,no_org,0.65896855,0.5537179294359756,0.6048492874579832,0.5213120166699495,107.0,54.0,1826.1,2.005489080026746
CPI_mid_freq,se_C0030252,True,with_org,0.65925298,0.5464049345100557,0.5922091250189723,0.5144165172503283,143.0,72.0,1826.1,3.8765446199686266
CPI_mid_freq,se_C0036572,False,no_org,0.59575338,0.47596180978876124,0.5172677124705451,0.4467439458948893,209.4,105.2,2384.7,2.5423785600229167
CPI_mid_freq,se_C0036572,False,with_org,0.60602007,0.5014316089878776,0.492577828131828,0.5167133336944658,334.6,167.8,2384.7,4.515280010015704
CPI_mid_freq,se_C0036572,True,no_org,0.5937223599999999,0.4429975881619894,0.5237989660403454,0.3921530684738232,122.0,61.5,2384.7,2.5423785600229167
CPI_mid_freq,se_C0036572,True,with_org,0.60417707,0.47668649367503335,0.5393200352425541,0.43248489937169177,165.0,83.0,2384.7,4.515280010015704
fingerprint_cardiac,se_C0003811,False,no_org,0.58896572,0.2155675061847922,0.3551205595111072,0.1755788509066376,127.6,64.3,27.0,0.3442836299771443
fingerprint_cardiac,se_C0003811,False,with_org,0.57998987,0.408750939306191,0.3809433069669188,0.4484981002417851,409.6,205.3,27.0,1.0668311400106176
fingerprint_cardiac,se_C0003811,True,no_org,0.51049704,0.07051620648259305,0.1631868131868132,0.046327743856813625,16.4,8.7,27.0,0.3442836299771443
fingerprint_cardiac,se_C0003811,True,with_org,0.55255932,0.34793917036951516,0.378288928488104,0.3322483755287484,234.8,117.9,27.0,1.0668311400106176
fingerprint_cardiac,se_C0016382,False,no_org,0.54338782,0.21962985213234973,0.3779765519568151,0.180622256771985,118.0,59.5,83.8,0.43091651001013814
fingerprint_cardiac,se_C0016382,False,with_org,0.55882755,0.3987372835577496,0.3747881852585377,0.4289846278733703,412.0,206.5,83.8,1.1591987200081348
fingerprint_cardiac,se_C0016382,True,no_org,0.51596093,0.12403046104185897,0.3248990683229814,0.08918241142423809,29.4,15.2,83.8,0.43091651001013814
fingerprint_cardiac,se_C0016382,True,with_org,0.6011655300000001,0.38569201309932855,0.4222482187494803,0.35912133802907087,235.0,118.0,83.8,1.1591987200081348
fingerprint_cardiac,se_C0018790,False,no_org,0.5775978900000001,0.159907072183287,0.18937621832358673,0.16264926041082856,137.2,69.1,211.2,0.6103176500066183
fingerprint_cardiac,se_C0018790,False,with_org,0.58408191,0.2840307992843566,0.25791290333587524,0.33217405376627623,286.2,143.6,211.2,1.2661077399970964
fingerprint_cardiac,se_C0018790,True,no_org,0.53126343,0.08360008991794987,0.12727272727272726,0.06314874407113118,29.4,15.2,211.2,0.6103176500066183
fingerprint_cardiac,se_C0018790,True,with_org,0.56766821,0.2502423949913808,0.3486286425992308,0.20412589051682817,102.6,51.8,211.2,1.2661077399970964
fingerprint_cardiac,se_C0018799,False,no_org,0.60121154,0.3021013623344668,0.34060203803433964,0.284846160967582,167.6,84.3,20.3,0.33675035999622194
fingerprint_cardiac,se_C0018799,False,with_org,0.57329618,0.407635255961934,0.38106714142346704,0.4416192808884108,399.0,200.0,20.3,1.0573366899974643
fingerprint_cardiac,se_C0018799,True,no_org,0.57876841,0.18382604863807872,0.3544701768819416,0.1342240071110697,21.0,11.0,20.3,0.33675035999622194
fingerprint_cardiac,se_C0018799,True,with_org,0.5794313900000001,0.3823383363367994,0.4228494272611919,0.3519673154730642,209.0,105.0,20.3,1.0573366899974643
fingerprint_cardiac,se_C0027051,False,no_org,0.59511262,0.11151285654974936,0.29227605727605727,0.08913820597573459,74.8,37.9,11.4,0.29813186001265424
fingerprint_cardiac,se_C0027051,False,with_org,0.60937928,0.41264359890729063,0.37843719791695724,0.47320191880555446,355.0,178.0,11.4,1.0245750299771317
fingerprint_cardiac,se_C0027051,True,no_org,0.50856876,0.013211382113821135,0.13333333333333333,0.006979405034324942,3.4,2.2,11.4,0.29813186001265424
fingerprint_cardiac,se_C0027051,True,with_org,0.6038109,0.35116870312637516,0.4003155171805057,0.3225117213098354,179.6,90.3,11.4,1.0245750299771317
fingerprint_cardiac,se_C0428977,False,no_org,0.5886213,0.14741035807587755,0.2161947333053081,0.14682537457558484,106.8,53.9,131.0,0.48531904998235403
fingerprint_cardiac,se_C0428977,False,with_org,0.58016611,0.3781053287236692,0.3350442064703648,0.4448873806974102,360.4,180.7,131.0,1.1642060100333764
fingerprint_cardiac,se_C0428977,True,no_org,0.52932506,0.0813793103448276,0.08714285714285715,0.07862745098039217,27.4,14.2,131.0,0.48531904998235403
fingerprint_cardiac,se_C0428977,True,with_org,0.57876169,0.35153679419770073,0.3823797813897641,0.33837648556140365,191.8,96.4,131.0,1.1642060100333764
fingerprint_high_freq,se_C0011603,False,no_org,0.5644983333333333,0.8580465887018064,0.7840144017666613,0.9488516758312338,39.0,20.0,13.0,0.3071389444327603
fingerprint_high_freq,se_C0011603,False,with_org,0.5589591888888888,0.8143854543250408,0.797603649839685,0.8324781605409189,320.55555555555554,160.77777777777777,13.0,0.9979188666523745
fingerprint_high_freq,se_C0011603,True,no_org,0.5220863555555556,0.8690786670667798,0.7797208871919192,0.9826621166714001,3.4444444444444446,2.2222222222222223,13.0,0.3071389444327603
fingerprint_high_freq,se_C0011603,True,with_org,0.5554165888888889,0.8117307529195089,0.7882739512082565,0.8379988566528085,184.11111111111111,92.55555555555556,13.0,0.9979188666523745
fingerprint_high_freq,se_C0012833,False,no_org,0.60999896,0.828219384582732,0.7530974784865124,0.9219138991657039,37.6,19.3,12.8,0.300916339980904
fingerprint_high_freq,se_C0012833,False,with_org,0.58784626,0.7998616335920821,0.7721946095821168,0.8302832497652501,351.6,176.3,12.8,1.0394618500140496
fingerprint_high_freq,se_C0012833,True,no_org,0.55337178,0.8381184367995699,0.747608449973409,0.9567611259159374,7.6,4.3,12.8,0.300916339980904
fingerprint_high_freq,se_C0012833,True,with_org,0.5923452,0.8053506171151701,0.7736263356543822,0.840764945660917,186.8,93.9,12.8,1.0394618500140496
fingerprint_high_freq,se_C0015230,False,no_org,0.5590499999999999,0.8606933514261034,0.7784703498978145,0.9636809112236928,34.4,17.7,12.1,0.3049881199840456
fingerprint_high_freq,se_C0015230,False,with_org,0.54602471,0.7924799225047384,0.7826944827043829,0.8028249553514313,334.6,167.8,12.1,1.0033494899980724
fingerprint_high_freq,se_C0015230,True,no_org,0.54602588,0.8657430829204877,0.7758123935454482,0.9803149753316687,7.6,4.3,12.1,0.3049881199840456
fingerprint_high_freq,se_C0015230,True,with_org,0.56375015,0.8094835915581766,0.7858450820437628,0.8353489045183002,168.0,84.5,12.1,1.0033494899980724
fingerprint_high_freq,se_C0018681,False,no_org,0.6107676900000001,0.882339517542891,0.8199162832156223,0.9562268070464274,33.0,17.0,15.0,0.3123339399811812
fingerprint_high_freq,se_C0018681,False,with_org,0.55800841,0.8281328833364269,0.8204062665666397,0.837289731940384,296.2,148.6,15.0,1.0247509800479748
fingerprint_high_freq,se_C0018681,True,no_org,0.57773094,0.8861096802243811,0.8194949137658549,0.9655758281600569,7.0,4.0,15.0,0.3123339399811812
fingerprint_high_freq,se_C0018681,True,with_org,0.58222397,0.8514547414332014,0.8163256971925767,0.8909580607322359,140.6,70.8,15.0,1.0247509800479748
fingerprint_high_freq,se_C0027497,False,no_org,0.63493241,0.9000248141609658,0.8518830979328336,0.9548716342506361,97.6,49.3,36.5,0.3739915699814446
fingerprint_high_freq,se_C0027497,False,with_org,0.52420209,0.8726375600912574,0.8638099975603787,0.8824716026580279,233.2,117.1,36.5,1.0220599299995228
fingerprint_high_freq,se_C0027497,True,no_org,0.5,0.9166010773392118,0.8465186213277816,1.0,1.0,1.0,36.5,0.3739915699814446
fingerprint_high_freq,se_C0027497,True,with_org,0.5814765900000001,0.8883135991477076,0.8654518969054017,0.9130131473032403,107.0,54.0,36.5,1.0220599299995228
fingerprint_high_freq,se_C0042963,False,no_org,0.5719051399999999,0.8548635005204652,0.7754362874310159,0.9542863215577023,37.2,19.1,7.4,0.2876176500110887
fingerprint_high_freq,se_C0042963,False,with_org,0.60471269,0.8169272387321781,0.800052995447316,0.8369357611189716,319.6,160.3,7.4,1.0021450299886054
fingerprint_high_freq,se_C0042963,True,no_org,0.54234992,0.8615081711310915,0.7739610285341592,0.9734395208428893,7.6,4.3,7.4,0.2876176500110887
fingerprint_high_freq,se_C0042963,True,with_org,0.54730657,0.8182798727393408,0.7918078534251439,0.8492350690691479,181.4,91.2,7.4,1.0021450299886054
fingerprint_low_freq,se_C0011570,False,no_org,0.5660431100000001,0.2006890832561746,0.3021674523467924,0.1987590588598653,217.4,109.2,152.4,0.5653656199923717
fingerprint_low_freq,se_C0011570,False,with_org,0.58285944,0.36609088957862357,0.33462925829411894,0.41669851412273545,351.6,176.3,152.4,1.2039797100122087
fingerprint_low_freq,se_C0011570,True,no_org,0.5550911000000001,0.126541871802034,0.3000918070577513,0.09825276575276576,55.6,28.3,152.4,0.5653656199923717
fingerprint_low_freq,se_C0011570,True,with_org,0.57997444,0.3418539076621192,0.3847371376389197,0.31855372670931625,199.4,100.2,152.4,1.2039797100122087
fingerprint_low_freq,se_C0018524,False,no_org,0.63790548,0.2996353188736729,0.4143199922712307,0.24883587132851667,145.8,73.4,28.3,0.3614929500152357
fingerprint_low_freq,se_C0018524,False,with_org,0.61284278,0.39973789377046093,0.3751995748558519,0.43447421461442887,350.0,175.5,28.3,1.016731809999328
fingerprint_low_freq,se_C0018524,True,no_org,0.63975695,0.22684147574204339,0.5450091575091575,0.1487660582700393,20.6,10.8,28.3,0.3614929500152357
fingerprint_low_freq,se_C0018524,True,with_org,0.6068301,0.3848729299838941,0.4402945032734654,0.34581177108034433,183.6,92.3,28.3,1.016731809999328
fingerprint_low_freq,se_C0020580,False,no_org,0.5364506600000001,0.25435102579962854,0.2867457434586738,0.2519371248029785,224.8,112.9,255.6,0.7210268800146877
fingerprint_low_freq,se_C0020580,False,with_org,0.56798328,0.36768026845001195,0.331697205878432,0.41949292840077657,376.0,188.5,255.6,1.374269740015734
fingerprint_low_freq,se_C0020580,True,no_org,0.55091219,0.19533646802562976,0.3116593894611136,0.16218216811204617,70.2,35.6,255.6,0.7210268800146877
fingerprint_low_freq,se_C0020580,True,with_org,0.5536146200000001,0.3409933935649012,0.3707379874683521,0.3193008012751325,204.2,102.6,255.6,1.374269740015734
fingerprint_low_freq,se_C0031117,False,no_org,0.55849394,0.14114293167377817,0.2275578339862327,0.1404728383675752,130.6,65.8,62.2,0.415343980002217
fingerprint_low_freq,se_C0031117,False,with_org,0.5749362899999999,0.3586038908828933,0.33788089629489215,0.3923141021999381,362.8,181.9,62.2,1.1397142399917357
fingerprint_low_freq,se_C0031117,True,no_org,0.51996876,0.06838426466333444,0.13857142857142857,0.04885038148196043,20.4,10.7,62.2,0.415343980002217
fingerprint_low_freq,se_C0031117,True,with_org,0.57896231,0.3246171440579184,0.3701197386225195,0.2968743564118951,205.6,103.3,62.2,1.1397142399917357
fingerprint_low_freq,se_C0035078,False,no_org,0.5873249300000001,0.2022412086484379,0.35850037643515903,0.15589132378265771,81.4,41.2,15.0,0.31544002998853105
fingerprint_low_freq,se_C0035078,False,with_org,0.6136010199999999,0.3794763964284512,0.35227422076106285,0.42514793078767676,356.8,178.9,15.0,1.05797025001375
fingerprint_low_freq,se_C0035078,True,no_org,0.51078876,0.03317412071211463,0.05941176470588235,0.02373310810810811,5.6,3.3,15.0,0.31544002998853105
fingerprint_low_freq,se_C0035078,True,with_org,0.60427451,0.3794828499218777,0.43193653615830935,0.35062850646108357,174.4,87.7,15.0,1.05797025001375
fingerprint_low_freq,se_C0267792,False,no_org,0.60327962,0.2847039744084226,0.4002715327076876,0.24302409291841184,175.4,88.2,82.0,0.46190314000705257
fingerprint_low_freq,se_C0267792,False,with_org,0.5585582099999999,0.3442924730616137,0.329686949775959,0.3716004959457824,366.4,183.7,82.0,1.120789870014414
fingerprint_low_freq,se_C0267792,True,no_org,0.5871887499999999,0.22932663040980844,0.4492498057498057,0.16074902386343654,38.4,19.7,82.0,0.46190314000705257
fingerprint_low_freq,se_C0267792,True,with_org,0.55935778,0.31296693316856966,0.38259054220514666,0.2704383328677149,177.8,89.4,82.0,1.120789870014414
fingerprint_mid_freq,se_C0003467,False,no_org,0.57061812,0.3360219507331658,0.4175887849192608,0.3019988757262376,80.6,40.8,14.0,0.31182183999335394
fingerprint_mid_freq,se_C0003467,False,with_org,0.54296828,0.45810355082426224,0.43735218626200156,0.4839008894801637,452.8,226.9,14.0,1.0274569199886172
fingerprint_mid_freq,se_C0003467,True,no_org,0.54172776,0.23614746597913747,0.4407909479581306,0.1767857947145296,19.0,10.0,14.0,0.31182183999335394
fingerprint_mid_freq,se_C0003467,True,with_org,0.55674868,0.44045821741643437,0.466955047783148,0.4214200724511284,288.4,144.7,14.0,1.0274569199886172
fingerprint_mid_freq,se_C0008031,False,no_org,0.55455013,0.2471038055071074,0.47817283451842274,0.1794788085299938,42.0,21.5,6.0,0.28112055000383407
fingerprint_mid_freq,se_C0008031,False,with_org,0.5533622300000001,0.4636739740196515,0.4285440925180309,0.5092861675314664,456.8,228.9,6.0,1.0400966200162656
fingerprint_mid_freq,se_C0008031,True,no_org,0.5240438199999999,0.17859046513406293,0.35491883116883116,0.12384758247212838,8.6,4.8,6.0,0.28112055000383407
fingerprint_mid_freq,se_C0008031,True,with_org,0.5424113,0.44152498645928906,0.44344826248037245,0.44231618120330535,299.4,150.2,6.0,1.0400966200162656
fingerprint_mid_freq,se_C0020538,False,no_org,0.56460719,0.27958234372793694,0.46199992630851616,0.2313350751142277,46.4,23.7,10.9,0.2947479600319639
fingerprint_mid_freq,se_C0020538,False,with_org,0.56966132,0.5030728698974296,0.47460060741454935,0.538697307611202,443.4,222.2,10.9,1.0257699400070124
fingerprint_mid_freq,se_C0020538,True,no_org,0.5404723300000001,0.1954017632422948,0.4070477247502774,0.1618182447684327,13.4,7.2,10.9,0.2947479600319639
fingerprint_mid_freq,se_C0020538,True,with_org,0.5705104000000001,0.4800543542626313,0.4957130352037348,0.47141520868387055,287.8,144.4,10.9,1.0257699400070124
fingerprint_mid_freq,se_C0027769,False,no_org,0.57243798,0.1754380971108816,0.35904295051353874,0.13729982728061452,79.2,40.1,17.6,0.3170680899987929
fingerprint_mid_freq,se_C0027769,False,with_org,0.59427096,0.4400190483458596,0.409053622281475,0.4837245885710512,404.4,202.7,17.6,1.032228730013594
fingerprint_mid_freq,se_C0027769,True,no_org,0.5288821,0.06997056635675601,0.21708259061200236,0.04780570154483198,7.0,4.0,17.6,0.3170680899987929
fingerprint_mid_freq,se_C0027769,True,with_org,0.61111945,0.4344926618918227,0.4535282362574383,0.42485655060213173,231.0,116.0,17.6,1.032228730013594
fingerprint_mid_freq,se_C0030252,False,no_org,0.61275496,0.3210860186556596,0.49645653321723665,0.27486860251709605,80.4,40.7,20.6,0.3240759200067259
fingerprint_mid_freq,se_C0030252,False,with_org,0.58443992,0.4730197799319738,0.45750500800557603,0.4932712060642476,424.2,212.6,20.6,1.0504028799710796
fingerprint_mid_freq,se_C0030252,True,no_org,0.60408964,0.29126293552282945,0.3981491985826351,0.2439682113412386,13.8,7.4,20.6,0.3240759200067259
fingerprint_mid_freq,se_C0030252,True,with_org,0.5857419399999999,0.4540562393674901,0.48739178429804914,0.4295662382943588,248.4,124.7,20.6,1.0504028799710796
fingerprint_mid_freq,se_C0036572,False,no_org,0.59555054,0.3851730807234911,0.438300914771503,0.35114492517041695,160.6,80.8,13.1,0.31368817000184207
fingerprint_mid_freq,se_C0036572,False,with_org,0.60244713,0.48766125686974915,0.46237887985961085,0.5219544354292077,421.8,211.4,13.1,1.0445155099965633
fingerprint_mid_freq,se_C0036572,True,no_org,0.58662737,0.28924232898386365,0.4883406207319251,0.21758752782485588,38.6,19.8,13.1,0.31368817000184207
fingerprint_mid_freq,se_C0036572,True,with_org,0.5942299600000001,0.4539884501002197,0.4911474416111399,0.42692369709472333,262.4,131.7,13.1,1.0445155099965633
