,pruning,include_original_features,dataset,averageAUROC,HammingLoss,SubsetAccuracy,RankingLoss,MacroPrecision,MacroRecall,MacroFOne,nodes,leaves,groups,avg_group_features,gen_XofN_time,training_time,#used,#unused,group_max_len,group_min_len
0,True,with_org,fingerprint_mid_freq,0.5803199,0.391146,0.215439,0.257787,0.46525999999999995,0.374787,0.41250200000000004,172.8,86.9,78.7,2.7941927750074886,4.31027791,1.2361201399820856,78.8,461.2,5.8,2.0
1,True,no_org,fingerprint_mid_freq,0.5646986199999999,0.391613,0.22456700000000002,0.26980499999999996,0.458198,0.320612,0.372971,133.6,67.3,78.7,2.7941927750074886,4.31027791,0.6320023899897933,78.8,461.2,5.8,2.0
2,False,with_org,fingerprint_mid_freq,0.5839063,0.41819300000000004,0.1297075,0.249911,0.44626599999999994,0.53852,0.486506,877.4,439.2,78.7,2.7941927750074886,4.31027791,1.2361201399820856,78.8,461.2,5.8,2.0
3,False,no_org,fingerprint_mid_freq,0.5662040100000001,0.430843,0.1274758,0.266907,0.42951100000000003,0.503685,0.46164000000000005,878.2,439.6,78.7,2.7941927750074886,4.31027791,0.6320023899897933,78.8,461.2,5.8,2.0
4,True,with_org,fingerprint_low_freq,0.58659924,0.25626,0.345478,0.27087399999999995,0.451889,0.1534248,0.208263,63.0,32.0,141.9,3.544408987796294,6.74102927,1.4745854400331155,126.9,413.1,7.3,2.0
5,True,no_org,fingerprint_low_freq,0.5688169000000001,0.253849,0.349271,0.276536,0.385304,0.13537760000000001,0.19423700000000002,50.0,25.5,141.9,3.544408987796294,6.74102927,0.8234017900074833,126.9,413.1,7.3,2.0
6,False,with_org,fingerprint_low_freq,0.60600056,0.324972,0.188313,0.24645299999999998,0.360516,0.42988799999999994,0.387401,818.0,409.5,141.9,3.544408987796294,6.74102927,1.4745854400331155,126.9,413.1,7.3,2.0
7,False,no_org,fingerprint_low_freq,0.58988164,0.335329,0.192083,0.247442,0.34355,0.417731,0.373367,834.2,417.6,141.9,3.544408987796294,6.74102927,0.8234017900074833,126.9,413.1,7.3,2.0
8,True,no_org,fingerprint_high_freq,0.56537903,0.229502,0.504553,0.161216,0.793635,0.9532640000000001,0.8655250000000001,35.8,18.4,78.1,3.0876496859254354,4.05011874,0.6396396900177933,70.2,469.8,6.8,2.0
9,False,no_org,fingerprint_high_freq,0.5811020499999999,0.272171,0.376109,0.163934,0.802802,0.8608460000000001,0.830243,590.4,295.7,78.1,3.0876496859254354,4.05011874,0.6396396900177933,70.2,469.8,6.8,2.0
10,False,with_org,fingerprint_high_freq,0.55818363,0.287367,0.359433,0.16843,0.7998839999999999,0.8400380000000001,0.8188449999999999,589.4,295.2,78.1,3.0876496859254354,4.05011874,1.380875670001842,70.2,469.8,6.8,2.0
11,True,with_org,fingerprint_high_freq,0.56465308,0.23269099999999998,0.49769800000000003,0.162446,0.79332,0.948478,0.863399,45.0,23.0,78.1,3.0876496859254354,4.05011874,1.380875670001842,70.2,469.8,6.8,2.0
12,True,with_org,fingerprint_cardiac,0.55518707,0.270707,0.354543,0.223578,0.42302,0.1495075,0.214648,54.4,27.7,78.0,3.7194575379073944,5.74918378,1.3683436899795196,93.8,446.2,7.0,2.0
13,True,no_org,fingerprint_cardiac,0.553808,0.273738,0.348484,0.22182,0.39066100000000004,0.1320287,0.171354,46.6,23.8,78.0,3.7194575379073944,5.74918378,0.6812610800145193,93.8,446.2,7.0,2.0
14,False,with_org,fingerprint_cardiac,0.5862539499999999,0.353282,0.195455,0.215659,0.340335,0.43107300000000004,0.377704,817.6,409.3,78.0,3.7194575379073944,5.74918378,1.3683436899795196,93.8,446.2,7.0,2.0
15,False,no_org,fingerprint_cardiac,0.57163123,0.361364,0.18560700000000002,0.218599,0.328801,0.42153,0.366011,826.6,413.8,78.0,3.7194575379073944,5.74918378,0.6812610800145193,93.8,446.2,7.0,2.0
16,True,with_org,CPI_mid_freq,0.57422739,0.387019,0.23609200000000002,0.264002,0.508695,0.366981,0.421477,119.8,60.4,140.2,2.3328381183342226,15.808312079999999,2.607872680015862,78.5,1528.5,4.9,2.0
17,True,no_org,CPI_mid_freq,0.5796090300000001,0.377002,0.24864899999999998,0.268775,0.527168,0.326584,0.396642,77.8,39.4,140.2,2.3328381183342226,15.808312079999999,0.8094720899942331,78.5,1528.5,4.9,2.0
18,False,with_org,CPI_mid_freq,0.57432842,0.419057,0.140076,0.270486,0.46500699999999995,0.509497,0.48318200000000006,689.6,345.3,140.2,2.3328381183342226,15.808312079999999,2.607872680015862,78.5,1528.5,4.9,2.0
19,False,no_org,CPI_mid_freq,0.57632161,0.40037599999999995,0.175941,0.263083,0.485755,0.464426,0.47141500000000003,522.0,261.5,140.2,2.3328381183342226,15.808312079999999,0.8094720899942331,78.5,1528.5,4.9,2.0
20,False,with_org,CPI_low_freq,0.58213943,0.337065,0.193219,0.26667300000000005,0.364324,0.39603200000000005,0.37615,678.2,339.6,393.1,2.8673480564708647,22.92369141,3.2117120000184514,150.3,1456.7,6.3,2.0
21,True,with_org,CPI_low_freq,0.5983226399999999,0.264616,0.317504,0.28057,0.48841399999999996,0.200706,0.278534,60.4,30.7,393.1,2.8673480564708647,22.92369141,3.2117120000184514,150.3,1456.7,6.3,2.0
22,True,no_org,CPI_low_freq,0.5988929,0.267013,0.31213799999999997,0.279721,0.47193699999999994,0.18892899999999999,0.22879199999999997,53.8,27.4,393.1,2.8673480564708647,22.92369141,1.1789297300041652,150.3,1456.7,6.3,2.0
23,False,no_org,CPI_low_freq,0.5860851499999999,0.32203400000000004,0.20838900000000002,0.262669,0.379818,0.380045,0.376685,581.2,291.1,393.1,2.8673480564708647,22.92369141,1.1789297300041652,150.3,1456.7,6.3,2.0
24,True,no_org,CPI_high_freq,0.53457172,0.217934,0.533591,0.16382,0.7939700000000001,0.977955,0.875427,14.2,7.6,87.9,3.1983987610150217,16.30848441,0.5936792199732736,55.4,1551.6,6.3,2.0
25,False,with_org,CPI_high_freq,0.57124244,0.254312,0.426752,0.157577,0.7990389999999999,0.9036009999999999,0.8472480000000001,431.8,216.4,87.9,3.1983987610150217,16.30848441,2.7432957499753683,55.4,1551.6,6.3,2.0
26,False,no_org,CPI_high_freq,0.59178356,0.238145,0.46800300000000006,0.16042700000000001,0.79486,0.9405789999999999,0.860735,208.8,104.9,87.9,3.1983987610150217,16.30848441,0.5936792199732736,55.4,1551.6,6.3,2.0
27,True,with_org,CPI_high_freq,0.59470444,0.222851,0.528234,0.164391,0.794829,0.9683379999999999,0.871945,32.0,16.5,87.9,3.1983987610150217,16.30848441,2.7432957499753683,55.4,1551.6,6.3,2.0
28,True,with_org,CPI_cardiac,0.56405658,0.286308,0.341073,0.24566499999999997,0.409925,0.1353089,0.170933,53.0,27.0,385.2,2.8015126012764364,26.28283362,3.4416465399903244,130.3,1476.7,6.5,2.0
29,True,no_org,CPI_cardiac,0.5553896700000001,0.282292,0.342858,0.24371299999999999,0.431307,0.13778859999999998,0.171613,46.2,23.6,385.2,2.8015126012764364,26.28283362,1.191444710001815,130.3,1476.7,6.5,2.0
30,False,with_org,CPI_cardiac,0.54835367,0.350893,0.207144,0.24833599999999997,0.35523,0.40040200000000004,0.371926,672.0,336.5,385.2,2.8015126012764364,26.28283362,3.4416465399903244,130.3,1476.7,6.5,2.0
31,False,no_org,CPI_cardiac,0.5564799,0.34152,0.223215,0.24511699999999997,0.367247,0.37743000000000004,0.366885,572.0,286.5,385.2,2.8015126012764364,26.28283362,1.191444710001815,130.3,1476.7,6.5,2.0
32,False,no_org,CPI+fingerprint_mid_freq,0.58952385,0.406646,0.1324998,0.263396,0.45254399999999995,0.524531,0.48395299999999997,902.6,451.8,126.0,2.8704907587220023,16.34563773,0.8327893300331197,103.2,2043.8,6.2,2.0
33,False,with_org,CPI+fingerprint_mid_freq,0.58308061,0.413841,0.143279,0.256865,0.445412,0.516046,0.475448,883.2,442.1,126.0,2.8704907587220023,16.34563773,3.554015149991028,103.2,2043.8,6.2,2.0
34,True,no_org,CPI+fingerprint_mid_freq,0.60861055,0.35531199999999996,0.257001,0.255819,0.527549,0.367706,0.429105,135.6,68.3,126.0,2.8704907587220023,16.34563773,0.8327893300331197,103.2,2043.8,6.2,2.0
35,True,with_org,CPI+fingerprint_mid_freq,0.59719294,0.366073,0.250548,0.257132,0.505048,0.37726099999999996,0.42864800000000003,170.2,85.6,126.0,2.8704907587220023,16.34563773,3.554015149991028,103.2,2043.8,6.2,2.0
36,True,with_org,CPI+fingerprint_low_freq,0.58849978,0.24975300000000003,0.346559,0.277992,0.463137,0.170756,0.239799,69.6,35.3,208.5,3.141388999974989,18.00146986,4.231169869983569,164.4,1982.6,7.1,2.0
37,True,no_org,CPI+fingerprint_low_freq,0.59433003,0.25070000000000003,0.350166,0.280922,0.461294,0.15964,0.22777699999999998,59.8,30.4,208.5,3.141388999974989,18.00146986,1.0822572799981571,164.4,1982.6,7.1,2.0
38,False,with_org,CPI+fingerprint_low_freq,0.59133829,0.319151,0.20891500000000002,0.26347299999999996,0.354832,0.401121,0.372662,834.8,417.9,208.5,3.141388999974989,18.00146986,4.231169869983569,164.4,1982.6,7.1,2.0
39,False,no_org,CPI+fingerprint_low_freq,0.58556996,0.334532,0.182972,0.25663800000000003,0.33248500000000003,0.391833,0.355012,857.4,429.2,208.5,3.141388999974989,18.00146986,1.0822572799981571,164.4,1982.6,7.1,2.0
40,True,with_org,CPI+fingerprint_high_freq,0.5854635100000001,0.233488,0.49306799999999995,0.155335,0.795031,0.9392820000000001,0.860491,62.4,31.7,72.5,3.433571476065405,13.548345890000002,3.490384809987154,69.7,2077.3,7.1,2.0
41,True,no_org,CPI+fingerprint_high_freq,0.5852112899999999,0.228789,0.495245,0.152821,0.794922,0.9482010000000001,0.864058,41.4,21.2,72.5,3.433571476065405,13.548345890000002,0.6787087199976668,69.7,2077.3,7.1,2.0
42,False,with_org,CPI+fingerprint_high_freq,0.57985535,0.279044,0.36908599999999997,0.162002,0.799381,0.8499040000000001,0.823269,622.6,311.8,72.5,3.433571476065405,13.548345890000002,3.490384809987154,69.7,2077.3,7.1,2.0
43,False,no_org,CPI+fingerprint_high_freq,0.5951613099999999,0.273254,0.36838,0.158582,0.798038,0.8623010000000001,0.8281890000000001,629.8,315.4,72.5,3.433571476065405,13.548345890000002,0.6787087199976668,69.7,2077.3,7.1,2.0
44,True,no_org,CPI+fingerprint_cardiac,0.57606238,0.272141,0.364279,0.23088999999999998,0.406389,0.1665805,0.231245,67.0,34.0,151.4,3.170462649450419,18.78722951,1.030298210005276,128.1,2018.9,7.0,2.0
45,False,with_org,CPI+fingerprint_cardiac,0.5852557899999999,0.343888,0.221026,0.231557,0.348306,0.41278500000000007,0.374707,816.8,408.9,151.4,3.170462649450419,18.78722951,4.076653010013979,128.1,2018.9,7.0,2.0
46,True,with_org,CPI+fingerprint_cardiac,0.58719645,0.26603,0.37147399999999997,0.22856800000000002,0.44736200000000004,0.188721,0.259818,85.0,43.0,151.4,3.170462649450419,18.78722951,4.076653010013979,128.1,2018.9,7.0,2.0
47,False,no_org,CPI+fingerprint_cardiac,0.57696423,0.355159,0.175685,0.227746,0.331463,0.409814,0.36324999999999996,855.2,428.1,151.4,3.170462649450419,18.78722951,1.030298210005276,128.1,2018.9,7.0,2.0
48,True,with_org,fingerprint_ten,0.59716584,0.40694600000000003,0.0725189,0.290203,0.588577,0.577159,0.580395,163.4,82.2,108.9,2.3231314467618756,3.9086197400000002,1.3613729699980468,91.0,449.0,5.4,2.0
49,True,no_org,fingerprint_ten,0.59398576,0.412138,0.0557253,0.29464,0.58175,0.590672,0.5832930000000001,136.4,68.7,108.9,2.3231314467618756,3.9086197400000002,0.742558119999012,91.0,449.0,5.4,2.0
50,False,with_org,fingerprint_ten,0.58508263,0.4229,0.05114506,0.292056,0.561593,0.650215,0.601366,959.8,480.4,108.9,2.3231314467618756,3.9086197400000002,1.3613729699980468,91.0,449.0,5.4,2.0
51,False,no_org,fingerprint_ten,0.58702633,0.41687,0.051908600000000006,0.290897,0.5679540000000001,0.653654,0.606081,950.4,475.7,108.9,2.3231314467618756,3.9086197400000002,0.742558119999012,91.0,449.0,5.4,2.0
52,True,with_org,CPI_ten,0.59910607,0.40299699999999994,0.0614741,0.28079299999999996,0.611501,0.574486,0.583392,94.6,47.8,253.7,3.3631237176346938,12.67936241,2.6482147400005487,97.5,1509.5,11.9,2.0
53,True,no_org,CPI_ten,0.61161737,0.39086600000000005,0.0596886,0.27717,0.621464,0.6022350000000001,0.600968,61.4,31.2,253.7,3.3631237176346938,12.67936241,0.8949073200041312,97.5,1509.5,11.9,2.0
54,False,with_org,CPI_ten,0.5845914000000001,0.42120300000000005,0.052456899999999994,0.292299,0.586471,0.609131,0.594512,722.6,361.8,253.7,3.3631237176346938,12.67936241,2.6482147400005487,97.5,1509.5,11.9,2.0
55,False,no_org,CPI_ten,0.58615578,0.41287900000000005,0.0416133,0.28937,0.5920500000000001,0.6124539999999999,0.597372,584.0,292.5,253.7,3.3631237176346938,12.67936241,0.8949073200041312,97.5,1509.5,11.9,2.0
56,False,with_org,CPI+fingerprint_ten,0.58658491,0.420524,0.047570600000000005,0.293671,0.564658,0.627205,0.592422,1003.4,502.2,124.8,2.6742022932927534,16.14723326,3.7789874899972347,106.6,2040.4,6.4,2.0
57,True,with_org,CPI+fingerprint_ten,0.60575504,0.40320599999999995,0.0728439,0.28758999999999996,0.5932649999999999,0.562195,0.575422,170.6,85.8,124.8,2.6742022932927534,16.14723326,3.7789874899972347,106.6,2040.4,6.4,2.0
58,True,no_org,CPI+fingerprint_ten,0.60914289,0.401069,0.061297000000000004,0.289841,0.5947250000000001,0.572551,0.579145,139.2,70.1,124.8,2.6742022932927534,16.14723326,0.8189363200013758,106.6,2040.4,6.4,2.0
59,False,no_org,CPI+fingerprint_ten,0.59220366,0.412567,0.05267429999999999,0.298555,0.570508,0.6519280000000001,0.606448,987.6,494.3,124.8,2.6742022932927534,16.14723326,0.8189363200013758,106.6,2040.4,6.4,2.0
60,False,no_org,fingerprint_ten_mid,0.57718969,0.41648300000000005,0.0411751,0.344481,0.422841,0.518177,0.461898,974.6,487.8,152.9,2.9234778526739733,4.47128373,0.812904139998136,131.9,408.1,7.3,2.0
61,False,with_org,fingerprint_ten_mid,0.57378969,0.418851,0.0389139,0.346224,0.417535,0.498259,0.45048000000000005,984.4,492.7,152.9,2.9234778526739733,4.47128373,1.4277723299979699,131.9,408.1,7.3,2.0
62,True,no_org,fingerprint_ten_mid,0.57511611,0.359186,0.1159659,0.35184000000000004,0.473041,0.23439800000000002,0.307942,80.4,40.7,152.9,2.9234778526739733,4.47128373,0.812904139998136,131.9,408.1,7.3,2.0
63,True,with_org,fingerprint_ten_mid,0.5704661599999999,0.369263,0.11061780000000002,0.353624,0.448874,0.251586,0.314417,102.8,51.9,152.9,2.9234778526739733,4.47128373,1.4277723299979699,131.9,408.1,7.3,2.0
64,False,no_org,CPI_ten_mid,0.57323081,0.40650700000000006,0.0587059,0.351524,0.44299,0.43588699999999997,0.43620099999999995,627.8,314.4,292.6,2.4505132424622778,14.84858432,1.0184864199982258,125.7,1481.3,6.6,2.0
65,False,with_org,CPI_ten_mid,0.57213903,0.405571,0.047829699999999996,0.346,0.44656700000000005,0.467511,0.454298,767.8,384.4,292.6,2.4505132424622778,14.84858432,2.953684370002884,125.7,1481.3,6.6,2.0
66,True,no_org,CPI_ten_mid,0.5709837799999999,0.354561,0.11207130000000001,0.374618,0.523884,0.265687,0.345613,57.6,29.3,292.6,2.4505132424622778,14.84858432,1.0184864199982258,125.7,1481.3,6.6,2.0
67,True,with_org,CPI_ten_mid,0.57731999,0.358534,0.10935239999999999,0.365202,0.516205,0.288532,0.361943,75.2,38.1,292.6,2.4505132424622778,14.84858432,2.953684370002884,125.7,1481.3,6.6,2.0
68,False,no_org,CPI+fingerprint_ten_mid,0.58785175,0.40322,0.0490618,0.343826,0.42944899999999997,0.504815,0.46151100000000006,1017.6,509.3,176.2,2.8669700212168556,19.444921360000002,0.9075879299998633,149.8,1997.2,6.1,2.0
69,False,with_org,CPI+fingerprint_ten_mid,0.5960661899999999,0.40064299999999997,0.0468825,0.341873,0.43233699999999997,0.503252,0.46166,1015.2,508.1,176.2,2.8669700212168556,19.444921360000002,3.404018480000377,149.8,1997.2,6.1,2.0
70,True,no_org,CPI+fingerprint_ten_mid,0.5973722300000001,0.338627,0.1248612,0.344552,0.521514,0.278628,0.356607,93.2,47.1,176.2,2.8669700212168556,19.444921360000002,0.9075879299998633,149.8,1997.2,6.1,2.0
71,True,with_org,CPI+fingerprint_ten_mid,0.5934722100000001,0.34058,0.12701869999999998,0.349641,0.515029,0.270106,0.348999,106.6,53.8,176.2,2.8669700212168556,19.444921360000002,3.404018480000377,149.8,1997.2,6.1,2.0
