,include_original_features,dataset,averageAUROC,HammingLoss,SubsetAccuracy,RankingLoss,MacroPrecision,MacroRecall,MacroFOne,#used,#unused,group_max_len,group_min_len,Nodes; Leaves,#XofN; #Feat/XofN,# Ung. Feats,XofN time (s); PCT tr. time (s)
1,no_org,fingerprint_mid_freq,0.565,0.392,0.225,0.27,0.458,0.321,0.373,78.8,461.2,5.8,2.0,133.6; 67.3,78.7; 2.8,461.2,4.3; 0.6
0,with_org,fingerprint_mid_freq,0.58,0.391,0.215,0.258,0.465,0.375,0.413,78.8,461.2,5.8,2.0,172.8; 86.9,78.7; 2.8,461.2,4.3; 1.2
5,no_org,fingerprint_low_freq,0.569,0.254,0.349,0.277,0.385,0.135,0.194,126.9,413.1,7.3,2.0,50.0; 25.5,141.9; 3.5,413.1,6.7; 0.8
4,with_org,fingerprint_low_freq,0.587,0.256,0.345,0.271,0.452,0.153,0.208,126.9,413.1,7.3,2.0,63.0; 32.0,141.9; 3.5,413.1,6.7; 1.5
8,no_org,fingerprint_high_freq,0.565,0.23,0.505,0.161,0.794,0.953,0.866,70.2,469.8,6.8,2.0,35.8; 18.4,78.1; 3.1,469.8,4.1; 0.6
11,with_org,fingerprint_high_freq,0.565,0.233,0.498,0.162,0.793,0.948,0.863,70.2,469.8,6.8,2.0,45.0; 23.0,78.1; 3.1,469.8,4.1; 1.4
13,no_org,fingerprint_cardiac,0.554,0.274,0.348,0.222,0.391,0.132,0.171,93.8,446.2,7.0,2.0,46.6; 23.8,78.0; 3.7,446.2,5.7; 0.7
12,with_org,fingerprint_cardiac,0.555,0.271,0.355,0.224,0.423,0.15,0.215,93.8,446.2,7.0,2.0,54.4; 27.7,78.0; 3.7,446.2,5.7; 1.4
17,no_org,CPI_mid_freq,0.58,0.377,0.249,0.269,0.527,0.327,0.397,78.5,1528.5,4.9,2.0,77.8; 39.4,140.2; 2.3,1528.5,15.8; 0.8
16,with_org,CPI_mid_freq,0.574,0.387,0.236,0.264,0.509,0.367,0.421,78.5,1528.5,4.9,2.0,119.8; 60.4,140.2; 2.3,1528.5,15.8; 2.6
22,no_org,CPI_low_freq,0.599,0.267,0.312,0.28,0.472,0.189,0.229,150.3,1456.7,6.3,2.0,53.8; 27.4,393.1; 2.9,1456.7,22.9; 1.2
21,with_org,CPI_low_freq,0.598,0.265,0.318,0.281,0.488,0.201,0.279,150.3,1456.7,6.3,2.0,60.4; 30.7,393.1; 2.9,1456.7,22.9; 3.2
24,no_org,CPI_high_freq,0.535,0.218,0.534,0.164,0.794,0.978,0.875,55.4,1551.6,6.3,2.0,14.2; 7.6,87.9; 3.2,1551.6,16.3; 0.6
27,with_org,CPI_high_freq,0.595,0.223,0.528,0.164,0.795,0.968,0.872,55.4,1551.6,6.3,2.0,32.0; 16.5,87.9; 3.2,1551.6,16.3; 2.7
29,no_org,CPI_cardiac,0.555,0.282,0.343,0.244,0.431,0.138,0.172,130.3,1476.7,6.5,2.0,46.2; 23.6,385.2; 2.8,1476.7,26.3; 1.2
28,with_org,CPI_cardiac,0.564,0.286,0.341,0.246,0.41,0.135,0.171,130.3,1476.7,6.5,2.0,53.0; 27.0,385.2; 2.8,1476.7,26.3; 3.4
34,no_org,CPI+fingerprint_mid_freq,0.609,0.355,0.257,0.256,0.528,0.368,0.429,103.2,2043.8,6.2,2.0,135.6; 68.3,126.0; 2.9,2043.8,16.3; 0.8
35,with_org,CPI+fingerprint_mid_freq,0.597,0.366,0.251,0.257,0.505,0.377,0.429,103.2,2043.8,6.2,2.0,170.2; 85.6,126.0; 2.9,2043.8,16.3; 3.6
37,no_org,CPI+fingerprint_low_freq,0.594,0.251,0.35,0.281,0.461,0.16,0.228,164.4,1982.6,7.1,2.0,59.8; 30.4,208.5; 3.1,1982.6,18.0; 1.1
36,with_org,CPI+fingerprint_low_freq,0.588,0.25,0.347,0.278,0.463,0.171,0.24,164.4,1982.6,7.1,2.0,69.6; 35.3,208.5; 3.1,1982.6,18.0; 4.2
41,no_org,CPI+fingerprint_high_freq,0.585,0.229,0.495,0.153,0.795,0.948,0.864,69.7,2077.3,7.1,2.0,41.4; 21.2,72.5; 3.4,2077.3,13.5; 0.7
40,with_org,CPI+fingerprint_high_freq,0.585,0.233,0.493,0.155,0.795,0.939,0.86,69.7,2077.3,7.1,2.0,62.4; 31.7,72.5; 3.4,2077.3,13.5; 3.5
44,no_org,CPI+fingerprint_cardiac,0.576,0.272,0.364,0.231,0.406,0.167,0.231,128.1,2018.9,7.0,2.0,67.0; 34.0,151.4; 3.2,2018.9,18.8; 1.0
46,with_org,CPI+fingerprint_cardiac,0.587,0.266,0.371,0.229,0.447,0.189,0.26,128.1,2018.9,7.0,2.0,85.0; 43.0,151.4; 3.2,2018.9,18.8; 4.1
47,no_org,fingerprint_ten,0.594,0.412,0.056,0.295,0.582,0.591,0.583,91.0,449.0,5.4,2.0,136.4; 68.7,108.9; 2.3,449.0,3.9; 0.7
48,with_org,fingerprint_ten,0.597,0.407,0.073,0.29,0.589,0.577,0.58,91.0,449.0,5.4,2.0,163.4; 82.2,108.9; 2.3,449.0,3.9; 1.4
49,no_org,CPI_ten,0.612,0.391,0.06,0.277,0.621,0.602,0.601,97.5,1509.5,11.9,2.0,61.4; 31.2,253.7; 3.4,1509.5,12.7; 0.9
50,with_org,CPI_ten,0.599,0.403,0.061,0.281,0.612,0.574,0.583,97.5,1509.5,11.9,2.0,94.6; 47.8,253.7; 3.4,1509.5,12.7; 2.6
51,no_org,CPI+fingerprint_ten,0.609,0.401,0.061,0.29,0.595,0.573,0.579,106.6,2040.4,6.4,2.0,139.2; 70.1,124.8; 2.7,2040.4,16.1; 0.8
52,with_org,CPI+fingerprint_ten,0.606,0.403,0.073,0.288,0.593,0.562,0.575,106.6,2040.4,6.4,2.0,170.6; 85.8,124.8; 2.7,2040.4,16.1; 3.8
53,no_org,fingerprint_ten_mid,0.575,0.359,0.116,0.352,0.473,0.234,0.308,131.9,408.1,7.3,2.0,80.4; 40.7,152.9; 2.9,408.1,4.5; 0.8
54,with_org,fingerprint_ten_mid,0.57,0.369,0.111,0.354,0.449,0.252,0.314,131.9,408.1,7.3,2.0,102.8; 51.9,152.9; 2.9,408.1,4.5; 1.4
56,no_org,CPI_ten_mid,0.571,0.355,0.112,0.375,0.524,0.266,0.346,125.7,1481.3,6.6,2.0,57.6; 29.3,292.6; 2.5,1481.3,14.8; 1.0
57,with_org,CPI_ten_mid,0.577,0.359,0.109,0.365,0.516,0.289,0.362,125.7,1481.3,6.6,2.0,75.2; 38.1,292.6; 2.5,1481.3,14.8; 3.0
60,no_org,CPI+fingerprint_ten_mid,0.597,0.339,0.125,0.345,0.522,0.279,0.357,149.8,1997.2,6.1,2.0,93.2; 47.1,176.2; 2.9,1997.2,19.4; 0.9
61,with_org,CPI+fingerprint_ten_mid,0.593,0.341,0.127,0.35,0.515,0.27,0.349,149.8,1997.2,6.1,2.0,106.6; 53.8,176.2; 2.9,1997.2,19.4; 3.4
